review_id,app_name,aspect_category,review_text_original,sentiment,y_pred,correct
9861e817-97ce-44bd-b6fb-47191868fbe3,Wagely,Kemudahan Penggunaan,"Bagus bgt aplikasi ini, mempermudah meminjam uang dimasa pandemi Saran aja min, untuk limit awal sesudah meminjamnya di naikin dong, jgn mentok di 500 emg sih sehari kedepan nambah 50 tpi kan klo misal perlu 2x lipat dari saldo yg baru harus nunggu 10hri kedepan, jadi agak lama bila ada keperluan mendesak Makasih sebelumnya 🙏🙏",positif,positif,True
8fb0cffe-7107-4918-a227-522499cb156b,VENTENY,Keandalan Sistem,"Aplikasi lengkap Bisa top up, bisa bayar listrik, bisa bayar pulsa. Ada buat financial jg, ada fitur akademi jg. Jd ga repot kalau lg sibuk.",negatif,negatif,True
a473aa2f-542b-4535-935e-6bb1522ffa2e,Wagely,Kemudahan Penggunaan,Sangat membantu sekali 🥰🥰🥰🥰❤️,positif,positif,True
7d960d72-2e63-4221-9454-79c8fb94b809,Wagely,Biaya/Potongan,"Kenapa sekrang potongan nya selalu besar setiap penarikan ? Dulu pas awal² bisa 1x tarik 1 jt admin cuma 70 rbu , sekarang 3x tarik bisa total bayar plus admin bisa hampir 1 jt seratus rb lebih , memang membantu tpi knpa jd besar pot adimnya ?",negatif,negatif,True
fa1b1323-61da-4254-ba35-7f82d778d915,Mekari Flex,Kecepatan Pencairan,GAK BERBOBOT MAU AMBIL GAJI DULUAN DISINI TAPI GAK OTOMATIS ..KURANG KERJA SAMA NYA SAMA PENGELOLAH APP.. MASA NUNGGU PAGI..OTOMATIS DONG ..PAS DI AMBIL LANGSUNG MASUK MASA NUNGGU DULU. ...,positif,negatif,False
4bbd9a78-5c5c-45d3-9627-7ac43c5abba5,VENTENY,Biaya/Potongan,"Dompet digital paling aman, biaya tf murah fiturnya mudah dimengerti , recommended",positif,positif,True
b0017ef8-375b-4f3f-bf9c-d9ec46dc4f27,Wagely,Keandalan Sistem,Kenapa saya tidak bisa masuk login lagi?? Mohon solusinya,negatif,negatif,True
fe2cd430-f373-472b-aa78-f4b885771a8c,Wagely,Keandalan Sistem,di komplen tidak ada jawaban...mohon di perbaiki lagi untuk keluhan nasabah dan mohon di infokan jikalau ada update sistem atau gangguan sistem...,negatif,negatif,True
748a8db3-521b-4ead-970d-84eabb47adf1,VENTENY,Kemudahan Penggunaan,guna membantu kami untuk transaksi mempermudah top up nya thanks,positif,positif,True
1033686e-4c86-4b76-a2d4-e7f71c345311,AyoKasbon,Kemudahan Penggunaan,apk tolol mau login aja gak bisa,negatif,negatif,True
88e6bb5d-be25-40e4-b4fa-ef6fd7fc97dc,Wagely,Kemudahan Penggunaan,Sangat bagus membantu keuangan kita leubih cepat dan aman,positif,positif,True
2540f73a-4689-4d5c-a73d-ba0ba00186eb,VENTENY,Kemudahan Penggunaan,"Oke bangetttt, bisa top up e-wallet yang sy butuhin, bisa isi pulsa data dan listrik juga jadinya serba mudah gitu ga perlu keluar2 rumah.. Pokonya multiguna ya ini",positif,positif,True
abdb3ee9-b509-42c0-b9e2-99f2f8ab1d06,GajiGesa,Keandalan Sistem,Sayangnya tidak bisa di buat sistem cicil... Mungkin klau di buat sistem jjil pasti lebih bagus lagi....,negatif,negatif,True
e0a01880-ac93-40d7-9bd5-71c4d2a68429,GajiGesa,Kecepatan Pencairan,Saya kasih bintang 5 tapi tolong dong kalau bisa narik uang nya itu sampai akhir bulan jangan cuman sampai tanggal 23/25 dan kalau pas penarikan tolong agak di percepat kadang suka lama selebihnya sangat membantu trimakasih gajigesa ☺🙏,positif,positif,True
e68b2d6c-faaa-44ed-bf38-cd914b69e9b3,Paywatch,Kemudahan Penggunaan,paywatch emng sangat membantu👍🥰,positif,positif,True
99311314-1619-49e6-ac2a-f5b7dd4b1874,GajiGesa,Kemudahan Penggunaan,Bagus ...sngt membentu..kemarin sempat bermasalah tapi dibantu oleh admin Ig nya lgsung...,positif,positif,True
162cd2cc-9590-4e95-b858-2abd70c70f04,Wagely,Kemudahan Penggunaan,Sangat membantu tapi cuman 3 kali pengbolan walaupun masih ada limitnya,positif,positif,True
d31121b3-01ef-414d-b640-156e9fe92d01,VENTENY,Keandalan Sistem,Very helpfull aplikasinya jadi bisa beli token pln lewat apk ini gk perlu keluar rumah lagi dan pembayarannya juga mudah selain itu banyak menu2 lainnya yg gk kalah bagus juga,negatif,negatif,True
859b2570-1a77-4155-b64e-2bb4131c08f5,Wagely,Kemudahan Penggunaan,"Aplikasinya sering error, tiba² muncul layar putih saja, gkbisa mencet apa² ,pas mau menekan transfer pasti seperti itu ,dan ditunggu pun tidak berubah layar hanya putih saja ...padahal koneksi internet bagus ..,...... tolong diperbaiki sistemnya , diupgrade biar mudah customer mengunakannya... TOLONG KERJA SAMANYA UNTUK MEMUDAHKAN APLIKASI INI. Terimakasih",positif,negatif,False
f7f4c8f5-b849-4f29-9982-5ee448d02d19,VENTENY,Kemudahan Penggunaan,Wahhh aplikasinya bagus!!,positif,positif,True
a46ba596-b31e-40af-b274-0b15c7fdd02f,GajiGesa,Kemudahan Penggunaan,Pengajuan gajinya ribet,negatif,negatif,True
1cdc50e8-d39f-4b91-b020-1ccde2b338a4,Mekari Flex,Kemudahan Penggunaan,Sangat memudahkan,positif,positif,True
bfb8cf56-2c5b-4c79-80cc-3c5e450a8e03,Wagely,Keandalan Sistem,Membantu saat pas lagi ora nduwe duet,negatif,negatif,True
427a507c-1005-4f57-9010-75219f53f9e5,VENTENY,Kemudahan Penggunaan,membantu buat belanja online.... makasi venteny,positif,positif,True
180daa74-abe1-4f7a-be73-7ffc0491eb8a,Wagely,Biaya/Potongan,"Keren,ga pake bunga lagi👍👍👍👍",negatif,negatif,True
5a126030-d023-4945-a27d-04e3ea135a81,Paywatch,Kecepatan Pencairan,"tolong agar bisa mengubah data rekening bank penarikan dari aplikasi. ini percuma jika kita cairkan ke bank mandiri yang ada pinjamanan langsung di blokir sama mandiri, cuma menguntungkan pihak bank mandiri.",positif,negatif,False
2c58bd9b-08ea-4bdc-bc13-e625643232c6,Wagely,Keandalan Sistem,"Makin kesini potongan penarikan makin gede,ga masuk akal,ga lagi"" buat pake aplikasi ini si",negatif,negatif,True
36908f1d-f533-460b-b9b5-b71e39427555,VENTENY,Kemudahan Penggunaan,"Iya Pembayaran yang mudah ,bisa disemua tempat, karena cukup tinggal klik saja. Aplikasinya pun sangat mudah digunakan .",positif,positif,True
26c487ab-faae-4365-bad2-3df307dc7b3f,VENTENY,Keandalan Sistem,Aplikasi yg bisa diandalkan ada berbagaimacam fitur yang lebih memudahkan semuanya,positif,netral,False
49bfc50a-0f5f-4b2e-8ebc-0ac8567e3cc4,Mekari Flex,Keandalan Sistem,payaah sekarang mekari saldo nya makin kecil dan ga bisa lagsug di tarik... malah di cicil..paayaah... maau bangkruut bos...,negatif,negatif,True
d9b734ef-9fab-4009-8fc2-3b141aa81548,VENTENY,Kecepatan Pencairan,"Mudah banget transaksi pake venteny, makenya simpel, isi pulsa juga langsung masuk",positif,positif,True
4539ee81-2df4-411c-bcab-032659a421c4,Mekari Flex,Biaya/Potongan,saya pernah tanya ke cs soal rincian biayanya dan mereka menjelaskan dengan cukup jelas strukturnya seperti apa jadi saya bisa memutuskan dengan lebih informed apakah mau lanjut pakai layanan ini atau tidak,netral,netral,True
46c5f5a2-3ca1-4728-8a5a-aee3336fac12,Mekari Flex,Kemudahan Penggunaan,"potongan biayanya mencekik sampe 25k..ambil gaji buat kebutuhan tapi potongan gila²an sampe 25k,,sebenernya mempermudah tapi potongannya yg kurang masuk akal,dengan potongan segitu udh bisa buat beli keperluan yg di butuhkan,,apk kurang merakyat..dikit² pajak",positif,negatif,False
94c7065b-c1b8-45fc-9762-378b5d7892e2,Mekari Flex,Kecepatan Pencairan,Susahh nge ACC pencairan nya kalo lagi butuh kebanyakan harus Nunggu,negatif,negatif,True
cc77529c-9073-4d8e-b631-3824fc435e8d,Wagely,Kemudahan Penggunaan,Membantu d saat butuh mendesak,positif,positif,True
616e2898-288e-4a8c-a092-c330401f9a2e,Wagely,Keandalan Sistem,Wagley sangat membantu untuk kebutuhan ke uangan darurat di tingkatkan lagi aplikasi nya terkadang masih lambat untuk loading nya,negatif,negatif,True
d8960200-aedd-4a1e-a939-c5cb005f8947,Mekari Flex,Biaya/Potongan,"Potongan biaya penarikan saldo makin naik njir, dari 20k jadi 30k.. Verifikasinya makin ribet juga ngeRI BAnget..",negatif,negatif,True
b9c54e11-a4cc-4c18-bf2b-6595ca110cec,AyoKasbon,Biaya/Potongan,biaya admin berbeda tergantung jumlah yang ditarik,netral,netral,True
f2536b27-f78a-4977-98ed-d8086dad87f3,VENTENY,Kemudahan Penggunaan,"Aplikasi yang sangat membantu untuk memudahkam segala aktivitas saya dalam kehidupan sehari"" sangat fleksibel & juga keren, saran saya sangat wajib aplikasi ini untuk di dowloand guna memudahkan dalama segala hal aktivitas kita😊, terimakasih Venteny😊",positif,positif,True
fe69fa45-2a96-42d0-ac1a-23207464442a,GajiGesa,Customer Service,saya menunggu balasan dari customer service,netral,netral,True
c350bf30-1e81-48a0-83c7-fc29d4b264e1,Mekari Flex,Biaya/Potongan,"potongan admin nya terlalu besar pas tariksaldo.awalnya enak,lalu ketagihan karena butuh.nominal saldo nya gak berubah masih kecil pinjamannya.padahal potongannya sangat tdk masuk akal ketika top'up.adminnya gede....",negatif,negatif,True
a801a939-aedb-4a1c-b451-1f0bd3683096,VENTENY,Keandalan Sistem,Aplikasi tidak bisa dibuka Sejak 11/11/24 sampai hari ini 29/11/24 apps masih ttp tidak bisa dibuka,negatif,negatif,True
ca03cae1-a7a2-44b5-b4eb-c6cbef558e5c,GajiGesa,Keandalan Sistem,"Tidak bisa melakukan transaksi dengan keterangan akun tidak aktif dari 21 Maret 2026 sampai 21 April 2026. Sementara pihak Vendor tidak mengetahui penyebab hal ini. Koordinasi dengan CS aplikasi by WA, nomer saya malah di Blokir!",negatif,negatif,True
ff69d3d1-74b2-4a33-81d9-fe03bf957ad1,GajiGesa,Biaya/Potongan,biaya layanannya memang ada dan saya harap ke depannya bisa lebih transparan dalam menjelaskan rinciannya karena saya harus membaca cukup lama untuk memahami struktur biayanya secara keseluruhan,netral,netral,True
25400957-3717-4732-9f36-bdf0182bd859,VENTENY,Kemudahan Penggunaan,Sangat membantu dan menarik untuk promo promonya recomended bangettt...,positif,positif,True
559bc6b2-f889-4a2a-a263-4195cb6978e8,VENTENY,Kemudahan Penggunaan,"Aplikasi yang sangat membantu untuk kebutuhan sehari-hari, untuk pembayaran listrik, isi pulsa tidak perlu keluar rumah,sangat efisien banyak juga promo-promo menarik,mantap pokoknya 👍",positif,positif,True
6fcf5faa-bed3-4786-be51-5e52fe516c27,Mekari Flex,Kemudahan Penggunaan,Membantu para pekerja,positif,positif,True
00bd3397-3e1f-4cb0-9d32-1e4ff2f28046,GajiGesa,Keandalan Sistem,Lumyan sngat mmbantu dikala keuangan lgi limit,negatif,negatif,True
dac03587-2afe-4078-8c43-e13b5ff9ab0c,Paywatch,Keandalan Sistem,sangat membantu.apalagi diakhir bulan jadi kebantu banget...makasih paywatch,negatif,negatif,True
a46ba596-b31e-40af-b274-0b15c7fdd02f,GajiGesa,Kecepatan Pencairan,Pengajuan gajinya ribet,negatif,negatif,True
fc58f537-1b33-4cc8-be3d-44f056375030,VENTENY,Kemudahan Penggunaan,App keren bisa top up dan bayar tagihan di satu app..,positif,positif,True
660cb281-2b4e-45a7-9a13-e1817c2d7a9f,Mekari Flex,Kemudahan Penggunaan,Aplikasi yang luar biasa bagusnya,positif,positif,True
34f150f3-9a43-47fa-8cf6-c8585b1d519d,VENTENY,Kecepatan Pencairan,"lama banget sihh cs nya, 1,8 juta saya blm jelas ini, transfer ke rekening tapi gak masuk dan gak ada notif berhasil atau tidak Tolong bales segera chat saya dan balikkin saldo 1,8 juta saya",negatif,negatif,True
1d244fb2-91f8-476d-a0df-e2103aaeae60,Mekari Flex,Kemudahan Penggunaan,aplikasi yg sangat membantu 👌🙏,positif,positif,True
8d9931d3-0106-4ff2-91f7-c96f2c26b822,GajiGesa,Kemudahan Penggunaan,sangat baik dan mudah,positif,positif,True
579a2b39-4321-4427-8492-0a629e8145c9,GajiGesa,Kemudahan Penggunaan,Aplikasi g berguna setiap habis off tiba² limit gaji g ada. dsruh konfirm ke hrd prushaan hasil ttp sj nihil,negatif,negatif,True
e3d52848-69e8-489c-8916-4235b1c08d74,Wagely,Keandalan Sistem,Knpa dinonaktifkan Yaa... ??? Semakin kesini susah bangettt,negatif,negatif,True
6c586b8b-5360-471b-a256-bdce2a44af79,VENTENY,Kemudahan Penggunaan,Aplikasinya mudah digunakan dan juga banyak voucher & promo menarik yg ditawarkan,positif,positif,True
00da4b33-8596-4c4a-883b-a36da6a0ba77,VENTENY,Kemudahan Penggunaan,"Aplikasi ini sangat membantu sekali, dengan aplikasi ini memudahkan saya untuk mengisi pulsa, tup up dan transaksi lainnya",positif,positif,True
71bb8bf7-8dbb-46e5-a99f-275b0736bfc3,VENTENY,Kemudahan Penggunaan,Sangat baik aplikasinya berguna sekali,positif,positif,True
26600435-f9ec-4066-a9b5-31b1645210c0,Paywatch,Keandalan Sistem,jika ada maintenance tidak pernah ada pemberitahuan dan estimasi maintenance.,negatif,negatif,True
c198f187-47d7-4123-bfcc-7b85a5b2d6f1,Wagely,Keandalan Sistem,Sangat membantu. Thanks,positif,positif,True
d8960200-aedd-4a1e-a939-c5cb005f8947,Mekari Flex,Kecepatan Pencairan,"Potongan biaya penarikan saldo makin naik njir, dari 20k jadi 30k.. Verifikasinya makin ribet juga ngeRI BAnget..",negatif,negatif,True
ffa255ed-0aad-4f0b-bc1f-02d3b5b3bad4,Wagely,Kemudahan Penggunaan,sangat membantu ketika ada kebutuhan mendesak,positif,positif,True
0043874b-4a0b-426a-8a03-49c944396f2e,GajiGesa,Kemudahan Penggunaan,Terimakasih atas bantuannya,positif,positif,True
4bbd9a78-5c5c-45d3-9627-7ac43c5abba5,VENTENY,Kemudahan Penggunaan,"Dompet digital paling aman, biaya tf murah fiturnya mudah dimengerti , recommended",positif,positif,True
5213b676-eae3-401a-9e6c-a44314b591b0,VENTENY,Kemudahan Penggunaan,Semenjak adaa aplikasi ini semua jdi mudah.mau bayar listrik .bli paket dasa atau isi pulsa jdi ga ribet lgi,positif,negatif,False
938c9e75-70cf-42d4-ab95-080c353e1c18,Wagely,Kemudahan Penggunaan,Wagely sangat membantu di kehidupan sehari2 saya.,positif,positif,True
dacb73fa-a447-4d70-8118-dd3a8d089a4b,Paywatch,Kemudahan Penggunaan,cepat dan mudah,positif,positif,True
51d076f9-c530-4406-b50c-e256a75df588,VENTENY,Keandalan Sistem,"Beruntung banget download venteny pas menjelang 12.12 kemarin. Promonya banyak banget, malah bisa ngopi starbucks hemat sampe 50 persen.",positif,negatif,False
60fc912a-ab7f-401c-87fc-d260d4de7325,VENTENY,Kemudahan Penggunaan,"Akhirnya nemu aplikasi yang aku cari selama ini buat bayar listrik, beli pulsa dll. Recommended bgt pokoknya. Mantulll",positif,positif,True
b016b580-88c9-4a92-b156-5106efffd54e,GajiGesa,Kemudahan Penggunaan,kenapa akun sya ke log out...pas log in malah ada keterangannya belum terdftr.kan aneh,negatif,negatif,True
1d03485a-0d93-4ce6-8dd8-45ee72f1d066,GajiGesa,Kecepatan Pencairan,"saldo sudah terpotong tapi dana tidak masuk"", setatus nya selalu menunggu, tetapi saldo sudah berkurang",negatif,negatif,True
8e2f0ae2-ffdf-4043-8f80-a95169ef77dd,VENTENY,Keandalan Sistem,"The application collaborates with many merchants, making it easier for me and my family to make payment transactions, such as booking hotels, or purchasing airline tickets. Thank you to Venteny for providing this complete service and facility.",positif,negatif,False
75c049d2-101c-49f5-a26f-8ab7ea382b1c,Wagely,Customer Service,"cs nya lama respo,,",negatif,negatif,True
bceafe4b-a8e5-477d-bd98-cba1142ee42b,Wagely,Kemudahan Penggunaan,aplikasi gak jelas,negatif,negatif,True
1f617b72-bf58-4e37-bec3-9df40430ce5b,VENTENY,Kemudahan Penggunaan,"Saya baru tau aplikasi ini ternyata sangat membantu sekali buat kaum rebahan seperti saya untuk membayar listrik, isi pulsa, pesan makanan dll",positif,positif,True
8420a7b2-4587-44f1-9a28-2e081c28ffba,Mekari Flex,Keandalan Sistem,"Thanks bulan kemarin bisa dipakai langsung tf dalam 1menit masuk,",positif,positif,True
dd794abc-7914-48ab-837d-c8a98df0c997,Wagely,Kecepatan Pencairan,Banyak tambahan jadi mahal. Tidak seperti dulu tinggal klik langsung masuk kalo sekarang nunggu 1 hari (24jam) baru masuk,positif,negatif,False
a9a33069-d191-46e7-bd92-9d5c4e304605,GajiGesa,Kemudahan Penggunaan,Mantap keren gaji gesa,positif,positif,True
4ddeee9a-5848-4f92-93b6-b129349115bb,VENTENY,Kemudahan Penggunaan,"Ini aplikasi menunya banyak banget dan sangat memudahkan transaksi ku. Bisa top up ewallet ku, bayar wifi langganan, tagihan listrik dan masih banyak lagi. Top deh",positif,positif,True
330b0c4c-1da6-42cf-bdc5-6aefd349d840,Wagely,Biaya/Potongan,ilok Perusahaan orang saya cantumkan demi mendapatkan pinjaman .... lbh baik bawa nama perusahaan sendiri walaupun Tidak masuk daftar di wagely... dimna sie kantor wagely...biar kami yg datang untuk menawarkan jasa kami dengan Gratis biar saya bikin harum lemon 🍋 semua ruangan para karyawan dan pimpinan perusahaan wagely ..... Saya kasih 🌟🌟🌟🌟🌟🌟🌟🌟🌟🌟🌟🌟🌟🌟🌟🌟🌟🌟🌟🌟🌟🌟🌟🌟🌟🌟🌟🌟🌟🌟🌟🌟🌟🌟🌟🌟🌟🌟🌟🌟🌟🌟🌟🌟🌟🌟 🌟🌟🌟🌟🌟🌟🌟 biar tersenyum yang punya perusahaan wagely hihihi,positif,negatif,False
56c8f59f-7788-4b34-94f4-d69369b88f15,Wagely,Kecepatan Pencairan,"Bintang 5 nih untuk mu wagely,, cuma tolong untuk biaya potongan jangan gede begtu setiap penarikan,, memang membantu keuangan cuma biaya adminnya itu loh lumayan geude",positif,positif,True
85cc3446-2b7c-4c51-905d-70f0bf76fa65,Mekari Flex,Kemudahan Penggunaan,Saya tidak bisa masuk ke akun mekari flex saya...dan saya sudah menghubungi team HRD saya namun tetap masih belum bisa masuk...dan kenapa setiap bulan harus sulit sekali masuk ke akun mekari flex...padahal potongan admin nya lumayan besar bagi saya sampe Rp.50.000,negatif,negatif,True
18237270-7b9b-4a66-9120-7ae8b1ccf6c5,GajiGesa,Keandalan Sistem,Eror mulu.tp notif ada bae. Aneh . penarikan blm mask notif pemberitahuan nya msk...mask penarikan hrs sebelum jam 18:00.. jelek aplikasi...jgn pake dah,negatif,negatif,True
4f251786-1550-444d-a5a6-4449f23798a0,Mekari Flex,Kemudahan Penggunaan,sangat membantu dan sukses selalu,positif,positif,True
8addb9ac-23f3-4d26-9c6c-c6cb013c9239,Mekari Flex,Keandalan Sistem,Sesuai.. tingkat kan lagi,negatif,negatif,True
fc8e534b-a2b9-411a-a5a5-314e74588245,GajiGesa,Kemudahan Penggunaan,Aman dan mudah,positif,positif,True
0d88668c-4101-4a17-b1b2-1b28d0fe23a2,Wagely,Biaya/Potongan,"Disaat Saya sdg sakit ( Terpapar Covid pada Bulan Juli Lalu ) dimana pengeluaran banyak sekali dari Test Antigen PCR, harus mengkonsumsi obat maupun supplement, *Wagely* sangat membantu saya dimana salary saya yang belum turun tetapi dngan adanya *Wagely* saya tdk perlu mencari pinjaman diluar sana bahkan *Tanpa Bunga sepeserpun* karena saya masih Free untuk pengguna pertama. Terima Kasih Banyak *Wagely* Ayo kita hindari hutang dngn adanya Wagely *Gajian bisa kapan ajah* *Salam Sehat Selalu*",positif,negatif,False
a42224e1-fe2a-469d-86ac-4810e2090069,Wagely,Keandalan Sistem,Gimana toh ini saya masih kerja ko tiba² akun saya di blokir di bilangnnya saya ga kerja lgi,negatif,negatif,True
95fbf67d-fa3a-4a5f-a128-408c4d79cab4,Wagely,Biaya/Potongan,Bunga terlalku besar pelayanan buruk mendinb di unistal saja..,negatif,negatif,True
12a67c6d-9977-4ecb-bb08-77ac5c392efd,Wagely,Biaya/Potongan,"Semakin mahal bunga nya, mengecewakan!",negatif,negatif,True
deac7693-75bf-4cd6-9d41-d123497fa6e1,Mekari Flex,Kemudahan Penggunaan,Sangat membantu terbaik mekari,positif,positif,True
1152d05b-8ab4-4dfa-93db-23685ccdac9b,Wagely,Kemudahan Penggunaan,Mantap bisa ngebantu ke uangan,positif,positif,True
bfc34b08-1f30-46d6-b916-a5d4b853710e,Wagely,Customer Service,ga jls banget tetiba ke log out trus info CS saya sudah resign padahal masih karyawan aktif dah uninstall aja males ribet,negatif,negatif,True
88a0f338-1557-4b22-97b9-19cdda5b90f3,Mekari Flex,Keandalan Sistem,"Saya karyawan di suatu perusahaan, sistimnya gantung satu bulan. jadi hasil kerja bulan ini, di bayarkan di akhir bulan berikutnya. Karna mendesak dan perlu uang. Pengajuan pinjaman 2juta. Di aplikasi ada administrasi 25.000,. Proses seminggu dan di hub. Ada tambahan potongan 8%. Langsung saya cancel. Yg sangat di sayangkan kenapa tidak di jelaskan di aplikasinya, harus di tlp ada tambahan lagi. Bukanya aplikasi dibuat untuk mempermudah, dan mempercepat sistim ya.?",negatif,negatif,True
1609eb84-e1ba-445d-840d-c08b64eb5ca8,GajiGesa,Kemudahan Penggunaan,Sangat membantu Terima kasih,positif,positif,True
c91a9b66-4608-4c37-8eeb-a86a50703d9e,VENTENY,Kemudahan Penggunaan,Aplikasi ini mudah digunakan dan dapat digunakan untuk top up,positif,positif,True
efcadece-dec4-49c3-b575-5a73e337d5a8,Wagely,Kecepatan Pencairan,saya sangat kecewa dengan fitur wegly ini potongan buat bunga yha 50rb kali kan saja jika mengambil beberapa kali apa GK rugi kita kalo bunga potongan 10rb sih ok ok aja dan untuk fitur pengambilan 24jm kedepan saldo diproses itu lebih baik hilangkan deh ribet kita dibutuhin cepet ko malah ada fitur 24jm jadi bikin susah gak bisa bantu apa apa,positif,negatif,False
471c7604-421f-47dc-940d-913b5dabf5f5,GajiGesa,Biaya/Potongan,potongan gaji saya 50 ribu bulan ini,netral,netral,True
06ab0690-273c-45e2-8206-f4da356f5ce9,Mekari Flex,Kecepatan Pencairan,Biaya pencairan 39.000 gak ngotak.manfaatin orang lagi susah.bentar lagi 50.000,negatif,negatif,True
c3dddd3e-47b2-47b3-93dc-2618a73a1567,Wagely,Kecepatan Pencairan,Aplikasi ga jelas setiap pengen melakukan penarikan lngsung white screen,positif,negatif,False
4f366764-cf43-4ddc-929a-779442193d13,Paywatch,Kemudahan Penggunaan,Keren langsung dapet limit pake refferal DWIAWADEB4 Buat dapat limit lebih besar 👍👍,positif,positif,True
5a649099-e9e9-4b5d-b57a-2763c8881f0a,GajiGesa,Kemudahan Penggunaan,DAFTARNYA RIBET!,negatif,negatif,True
a30d150f-676a-4d7e-8afc-5f8a3a7655d4,Paywatch,Kemudahan Penggunaan,sangat mudah di gunakan.sangat membantu sekali,positif,positif,True
bb34996e-d4c8-48d2-a0a2-7082ec59ce6a,VENTENY,Kemudahan Penggunaan,"Seneng banget bisa nemu aplikasi ini superr lengkap gaperlu ribet lagi mau transfer atau isi pulsa harus keluar rumah, sekarang tinggal pke venteny. Disini juga disediakan jasa asuransi dan jual beli motor ternyata kereen banget dehh pokonya mantappss aplikasi ini wajib banget ada di hp kalian yg gamau ribet keluar2👍",negatif,positif,False
d23b5248-d941-46c0-952c-5922e88b818b,Wagely,Kemudahan Penggunaan,Ya lumayan bagus,positif,positif,True
dcd7b227-7a1b-4e0d-8474-af67395c1fdc,GajiGesa,Kemudahan Penggunaan,"Aplikasi nya mantap,,bisa membantu di saat situasi keda'an darurat,,,semoga aplikasi ini bisa membantu semua karyawan yg bner2 membutuhkan,,,mantaap,,aplikasi yg sangat mambantu sekali",positif,positif,True
a56d3668-9e21-4709-833b-30a06cd61546,AyoKasbon,Keandalan Sistem,Wah ini ilegal selesai isi formulir mau masuk lagi gak bisa.. laporkan ke pihak yang berwajib,negatif,negatif,True
a31ac3fd-7402-4a88-8eea-29f30d63c33d,VENTENY,Keandalan Sistem,Aplikasi venteny ini menurutku keren banget sihh! Jadi aku kasih bintang 5. Ayoo buruan download aplikasinya sekarang!!!,positif,negatif,False
616f3c98-f0b3-4213-a4f6-2d8497448f72,VENTENY,Kemudahan Penggunaan,"Tadinya ga berharap terlalu tinggi sama aplikasi ini, tapi begitu nyoba pake bayar tagihan dari sini ternyata ok juga kok aplikasinya, cara pakenya juga mudah ga bikin pusing, dan proses pembayaran untuk tagihan pun cepat",positif,positif,True
d3235bd7-e76f-4aa9-8634-4fa4ca422d21,Wagely,Keandalan Sistem,Sering eror dan reward susah diambil..alasan koneksi internet kita... padahal emang sengaja dibikin susah ambil biar reward GK keluar,negatif,negatif,True
e87364d7-2d9a-4170-804b-fd9c91aadbf5,GajiGesa,Kemudahan Penggunaan,Sangat membantu saat butuh uang tp blm gajian,positif,positif,True
813223d2-9a83-41ea-8ce1-39a7322e950b,Mekari Flex,Kemudahan Penggunaan,Ini kenapa lagih Ngadi Ngadi ajah mekari flek biasanya gak pake data ini data ituh .kalinya udah nurutit data nya pake ferifikasi muka segala .malah gak bisa cara sayah tuh gak usah nuka neko kaya dulu ajah kaya biasa simpel .gak usah pake ngadi2,positif,negatif,False
43b14c67-f874-472e-a375-df8c29f21a65,GajiGesa,Kemudahan Penggunaan,"Membantu di saat mendesak,,tpi sekarang agak ngaco suka gagal",positif,positif,True
42913e0c-7417-40d0-b285-97634ce2a621,Mekari Flex,Biaya/Potongan,"Kecewa , padahal bulan kemarin ga pake makarinya tapi tetep dipotong gaji saya . Sangat sangat mengecewakan",negatif,negatif,True
e525281f-59c9-470e-aada-eb051483bc8d,VENTENY,Keandalan Sistem,"Pertama tau aplikasi venteny itu disaranin sama temen,penasaran,pas coba aku download ternyata emang seenak itu aplikasinyaaa Cocok banget buat aku yang mageran buat bayar segala keperluan dan transfer ke orang tua tanpa ribet Pokoknya terimakasihh bangett buat venteny dabestttt aplikasinya",positif,negatif,False
e0e8793f-4a16-4c48-9c90-e6907cf58518,Mekari Flex,Kemudahan Penggunaan,Terima kasih karna Sangat membantu,positif,positif,True
1bbe7899-be7f-4b7f-95b1-1969517f8326,VENTENY,Kemudahan Penggunaan,Mantap beli pulsa disini murah2 gak perlu jauh2 keluar rumah,positif,positif,True
10895403-a979-40c3-a10e-43a414f01a34,VENTENY,Kemudahan Penggunaan,Bayar tagihan listrik jadi gampang dengan aplikasi ini. Beli pulsa dan paket data juga dipermudah. Recommended pokonya,positif,positif,True
c3c53f80-7d6b-4f5c-8934-9d82276378fd,Wagely,Biaya/Potongan,pinjaman lebaran...cicilan 858.000.. kenapa jd 1.030.000 ga sesuai perjanjian...biaya keanggotaan 172000 maksudnya apa ini???...setiap pemotongan selalu berbeda dengan potongan member yg satu pekerjaan..ini aneh,negatif,negatif,True
030e376c-eb71-43b3-9ea8-3a970f4d8705,VENTENY,Kecepatan Pencairan,"Overall bagus sih aplikasinya, topup pulsa langsung masuk, bisa bayar listrik juga oke, size aplikasinya juga ramah hp kentang😂",positif,positif,True
bcd7a33a-93bf-4917-9692-58ec2e554b84,Wagely,Kemudahan Penggunaan,fitur fiturnya lumayan lengkap tapi tidak semua intuitif ada beberapa yang perlu eksplorasi dulu untuk mengerti kegunaannya setelah beberapa kali pakai sudah mulai terbiasa dan tidak merasa kesulitan lagi,netral,netral,True
b4bd5d23-ffc1-44f1-8d57-bbc2fa5264d7,Wagely,Kemudahan Penggunaan,Solusi finansial masa kini yang kereeen abisssss,positif,positif,True
c0724205-ac6e-436b-b57a-1283a4c9975d,Mekari Flex,Keandalan Sistem,"hari ini saya tidak bisa log in, selalu gagal",negatif,negatif,True
be900edb-4989-4188-943f-aa16dc3b698e,GajiGesa,Keandalan Sistem,Bener² sangat terbantu dengan apk ini .. thanks ga ragu pokoknya mudah ga ribet,positif,positif,True
02de94cd-9b23-47a2-9dd3-f2e2b9d00d30,VENTENY,Keandalan Sistem,"Aku cukup terbantu dengan adanya aplikasi VENTENY ini , apalagi di era pandemi seperti sekarang ini, memang aplikasi ini mempermudah jalanku melakukan kegiatan jual beli online tanpa harus ribet, sepain itu di aplikasi ini pun bisa menambah skil akademi . Semangat maju aplikasi VENTENY.",negatif,negatif,True
ec08f3b8-f7e7-41d4-a3da-0f5c28c6626c,Wagely,Kecepatan Pencairan,Kenapa sekarang wagely penarikan tidak bisa lewat ewalet?,positif,negatif,False
2352aa92-8982-4a59-856c-46296d392260,GajiGesa,Customer Service,cs bisa dihubungi lewat whatsapp,netral,netral,True
96a74832-4855-4757-b007-b0a4d5e90c75,Wagely,Keandalan Sistem,"Pusat pengaduan yang lemot dalam menanggapi masalah, slow respon di chat WHATSAPP ga dibales bales, tidak profesional.",negatif,negatif,True
8c10a737-3e66-42a0-b9ed-9c847625622d,Mekari Flex,Kemudahan Penggunaan,keren mantab mudah gak bikin bingung,positif,positif,True
35a14935-8e36-417d-b4b3-f513e8390644,GajiGesa,Kecepatan Pencairan,dana cair setelah 1 hari kerja,positif,positif,True
ef7ede87-a16a-4a18-9821-fbe4d661201a,VENTENY,Kemudahan Penggunaan,Sangat lengkap mau bayar apa pun gausah keluat rumah ..mantap,positif,positif,True
1c2bb7aa-ef26-492f-afa1-3ff6f80d5698,GajiGesa,Kecepatan Pencairan,"gaji gesa sekarang lama GK Kya awal"" langsung cair ini udh nunggu 5 jam belum cair status menunggu",positif,negatif,False
f972db0e-d64e-456a-8cbb-182b9108a49e,Wagely,Keandalan Sistem,Kenapa aksesnya wagely di nonaktifkan di PT saya bekerja,negatif,negatif,True
6d1e98fe-80a3-41be-ae7d-226b46a26165,VENTENY,Keandalan Sistem,Aplikasi yang keren sekali. Cocok buat ibu ibu yang lagi mager. Bisa bayar tagihan listrik dari rumah dan gak ribet.,negatif,negatif,True
1b404cc1-50cc-49d1-86c0-075b246c8481,VENTENY,Kemudahan Penggunaan,Sorry Ni Min gwe kasih bintang 1 promonya woke banget sumpah. Tapi pas mau d beli vouchers nya susah banget anjim gwe mau beli terus ada tulisan oops! Tolong d perbaiki min,negatif,negatif,True
eb931f69-9c90-43d0-a485-6aced51d82bd,VENTENY,Kemudahan Penggunaan,Platform yang cocok untuk kita yang ingin menjadi agen voucher didalamnya terdapat fitur yang menarik dan memudahkan,positif,positif,True
6c12709a-96ca-4009-a3d6-8a8e8e866fb7,Wagely,Kecepatan Pencairan,pakai penarikan instan selalu hampir 2 jam baru berhasil,positif,positif,True
92f134d2-6bd4-4fa6-a0a1-957fcfb8a3b9,Paywatch,Kecepatan Pencairan,1 transaksi masi tertunda sudah 1 hari blum di acc,negatif,negatif,True
bc583bd6-665d-4912-968d-f597385204c6,VENTENY,Kemudahan Penggunaan,1 aplikasi ada banyak fitur Jadi sangat praktis.. Semoga sukses 👌👌,positif,positif,True
ad49c672-765c-4220-9c02-01909af8e6b2,VENTENY,Kemudahan Penggunaan,"mantap ga perlu repot2 keluar , semua yg di butuhkan dalam satu aplikasi , tinggal klik klik beres...",positif,positif,True
8a38b909-27fe-4c8f-8912-fb0855b19d13,VENTENY,Kemudahan Penggunaan,"Aplikasinya sangat mudah digunakan, banyak fungsinya, dari beli voucher merchant, pembelian pulsa dan token listrik, topup e wallet, plus banyak Diskonnya.",positif,positif,True
edbd2bef-ed0d-4f91-a2ef-a81402289bf3,Wagely,Keandalan Sistem,Agak lemot..skr..sukses buat wagely,negatif,negatif,True
c5896882-e71b-4d10-98bd-240be0c961c3,Wagely,Keandalan Sistem,Sangat buruk saya gk pernah minjem lagi maen potong aja..,negatif,negatif,True
634c9b23-f13b-4464-baa2-348d5cc67219,VENTENY,Kemudahan Penggunaan,"Aplikasi yang bagus untuk menjadi agen voucher bagi pemula, karena didalam fiturnya cocok untuk pemula.",positif,positif,True
018d5863-3bad-4ddf-8a30-eec4b543c669,Mekari Flex,Kemudahan Penggunaan,Memudahkan n membantu saya,positif,positif,True
c94b8d69-f8b6-4c34-9ed8-25b41094cce0,Wagely,Kemudahan Penggunaan,2 kata.SANGAT MEMBANTU,positif,positif,True
54ccab26-78e7-4922-8e36-3c27240d5a8c,Mekari Flex,Kecepatan Pencairan,solusi disaat lagi urgent dapat menarik gaji secepatnya makasih mekari flex,positif,positif,True
34874788-eae0-4414-9d60-10b66ef81588,VENTENY,Kemudahan Penggunaan,Venteny sangat membantu untuk segala kebutuhan sehari-hari terus juga banyak promo dan aplikasi ini mudah di gunakan.,positif,positif,True
23119c80-e835-4cd6-8203-31d7d5b8fc9a,Mekari Flex,Keandalan Sistem,Aplikasi parah gak ada kepastian tanggal aktif .sangat membahayakan .misi awal membantu setiap karyawan jika ada kebutuhan dadakan tapi bukannya misi berhasil malah bikin masalah .adanya sistem dinonaktifkan sementara membuat pemakai mekari flex terganggu dan gak nyaman.kedepan jika semua sudah membaik saya pasti unistall ne aplikasi soalnya bakal timbul kecewa,negatif,negatif,True
79fb1e5b-f483-4f40-94d3-eebcf182e5a2,GajiGesa,Keandalan Sistem,Udah tgl satu kok belum ada saldonya sih..terus ada peringatan erorcodes terus menerus,negatif,negatif,True
1c3b2dcc-7e33-443e-a256-6cbb587b720d,VENTENY,Kemudahan Penggunaan,"Bagus, lengkap dan menarik sangat memudahkan aku yg mageran ini",positif,positif,True
668b3186-1fe3-4cfb-8b45-a96713a1edfb,Wagely,Kemudahan Penggunaan,Ok banget pokok nya,positif,positif,True
32c6d23a-a066-40ac-b88a-920792ddfd45,VENTENY,Kemudahan Penggunaan,"Merchantnya lengkap, bisa bayar tagihan dan hotel. Proses registrasinya juga gampang banget cuman pakai nomor telepon. Jadi memudahkan sekali",positif,positif,True
5265ce80-3c1b-4e94-b07d-8607ef8d4e3e,Mekari Flex,Kemudahan Penggunaan,Sangat membantu saat urgent,positif,positif,True
7488cdd7-947b-4f8a-9fa9-b22d2038e4f0,GajiGesa,Keandalan Sistem,"apk sudah bagus ,tapi lama dibilang cuman 30 menit tau2 nya ga masuk2 ini kenapa kendala nya , tolong di perbaiki lagi",negatif,negatif,True
be5dddbc-4cd3-4926-8c30-02fa9ab218c7,Wagely,Kemudahan Penggunaan,Jadi penolong di saat kepepet..mantul,positif,positif,True
27ba8333-3cda-4be1-a42e-01dff7db49e8,VENTENY,Kemudahan Penggunaan,Venteny memudahkan saya bertransaksi merchant tanpa perlu capek capek dan V-academy memudahkan saya mengakses pendidikan lebih baik tanpa ribet. i felt so gratefull bisa kenal venteny,positif,positif,True
3405a350-755c-454f-8257-63caf1e5cc9d,VENTENY,Customer Service,"Tiap buka minta update Mulu,saldo kepotong tapi pulsa gak masuk dari bulan Juli, lapor cs suruh nunggu nuunggu terus tanpa ada kejelasan kapan.",negatif,negatif,True
46f0c969-1bd9-4a1a-b354-2a2bb4e63b74,VENTENY,Kemudahan Penggunaan,Baru tahu ada aplikasi sekeren ini bisa mempermudah hidup. Pliiss smoga kedepannya smakin keren!,positif,positif,True
a8079bb1-dd5b-467c-b81c-41b9269df0d9,Wagely,Kemudahan Penggunaan,Terima kasih telah membantu saya,positif,positif,True
36ee8264-c8c9-41d3-abf7-11ff77dac3ed,VENTENY,Kemudahan Penggunaan,aplikasinya membantu buat transaksi jadi mempermudah byar bayar terimaksih,positif,positif,True
619c8464-c372-4579-a022-344299dd383c,VENTENY,Kemudahan Penggunaan,Keren bnyk promo menarik Bisa beli pulsa dan bayar tagihan listrik juga Memudahkan transaksi pokoknya keren,positif,positif,True
f83334ca-beb0-401f-9e6f-2fdb53e3d4d4,Paywatch,Kemudahan Penggunaan,sangat membantu... trimakasih 🥰,positif,positif,True
c69b56ed-caf2-4a9f-bdb0-c2f8b3f31081,Paywatch,Kemudahan Penggunaan,inh gimna saya udah masukin no hp tapi kode otpnya gk muncull muncull,positif,negatif,False
a3c414df-5395-40f1-8248-acb437d72ce8,GajiGesa,Kemudahan Penggunaan,bagus seksli sangat membantu,positif,positif,True
7ee2ed5a-e9d5-4afe-ac99-48859dfa0bd7,Mekari Flex,Biaya/Potongan,"Fasilitas dana talangan untuk karyawan sangat membantu, di potong sekali lunas pas gajian dan tanpa bunga hanya kena biaya administrasi 20rb saja.",negatif,negatif,True
0172096f-062f-4a09-9d4a-7928458f3e36,GajiGesa,Customer Service,saya melampirkan tangkapan layar saat melapor ke cs,netral,netral,True
fd861db0-a7d5-4e96-8998-57c18cb734b9,VENTENY,Kemudahan Penggunaan,"Recomened banget nih buat kaum mager rebahan,tinggal buka hp bisa beli token pulsa keperluan elektrik dan keperluan lainnya tinggal buka hp kelas gak perlu capek 2 keluar rumah,pokoknya gampang banget pemakaiannya dan mudah,recomened banget pokoknya buruan instal dah gak bakal nyesel",positif,positif,True
15eec5ac-9c61-49d3-ac3b-6099e50b12d8,Wagely,Kecepatan Pencairan,"Apk makin gajelas! Punya limit 500 ribu, dengan maksimal 5 kali penarikan, tapi limit sekali penarikan sejumlah 300ribu, baru juga ditarik sekali 300 ribu, malah udah gabisa narik lagi gara2 minimal penarikan 300 ribu, padahal baru 1 kali narik!",negatif,negatif,True
8f54b45e-e07c-42af-8eac-4c606eec48eb,Mekari Flex,Kemudahan Penggunaan,Bagus untuk kebutuhan terdesak,positif,positif,True
5e9edc3a-ccb4-40b4-8d48-2c6d4db904eb,Mekari Flex,Kemudahan Penggunaan,"Cacat aplikasinya, lama banget di approv nya. Gak rekomendasi untuk hal mendesak. Gak sesuai sama deskripsi aplikasinya.",negatif,negatif,True
580e51d9-1d3e-4ebf-8477-d57472aaeec3,Wagely,Kecepatan Pencairan,Ingin mencoba untuk mengajukan pinjaman moga d acc(amien)....,netral,positif,False
287b38c1-70d8-4949-9f0b-fd1545d83a31,Paywatch,Kecepatan Pencairan,"Bagus dan bisa membantu bagi yg butuh uang sblm gajian. saran saya biaya admin dikurangi, Rp. 8500 per withdraw itu mahal, lebih mahal dari biaya transfer bank. Sekarang saja ada flip yg gratis, bi fast 2500. atau bisa juga menyesuaikan jumlah penarikan . contoh nya: s.d 1 Juta = 2500 > 1 Juta - 2 Juta = 3500 > 2 Juta - 4 Juta = 4500 > 4 Juta - 8 Juta = 5500 > 8 Juta = 6500 dengan begitu banyak org meski gak butuh uang urgen, dia tetap narik uang nya. jangan membatasi customer anda.",netral,negatif,False
d8c08362-0094-4a73-9f47-69f6779862c7,Mekari Flex,Kemudahan Penggunaan,Sangat membantu... Bagus sekali,positif,positif,True
db36248b-9ee4-4089-8233-7918ed138384,Wagely,Keandalan Sistem,kenapa error ya udah hampir setengah bulan tidak bisa login,negatif,negatif,True
76a5444e-cf77-43a8-be95-f3fc1e4a2c88,Wagely,Kemudahan Penggunaan,Terima kasih wagely,positif,positif,True
96ffab28-0f69-4a87-8b6b-9903a7f43782,VENTENY,Kemudahan Penggunaan,"Venteny benar benar bisa dijadikan sebagai platform untuk kita yang mau jadi agen voucher, ditambah lagi fitur dan tampilanya simple dan menarik jadi sangat mempermudah",positif,positif,True
1fa77b19-274c-4ba6-8c84-f31501d9443d,Mekari Flex,Kemudahan Penggunaan,Cepet bgt proses di saat genting.dan mendesak,positif,positif,True
168005e0-fd10-4e77-a28c-3cc8fb45983d,VENTENY,Keandalan Sistem,Baru dapat rekomendasi aplikasi venteny dari saudara katanya bagus dan ternyata benar-benar bagus dan canggih banget.... semua kebutuhan elektronik yang kita butuhkan bisa di aplikasikan di sini nggak perlu keluar² rumah lagi...,negatif,negatif,True
3f2995ff-26b8-4b25-842e-1508da3bdffa,Wagely,Biaya/Potongan,"+ mau ambil berapapun bisa + cepat cair dalam hitungan detik - langsung dipotong otomatis pas gajian - pajak besar bgt (sekali ambil mau nominal gede atau kecil, pajak tetep gede) - bayar pake VA pun pajaknya gede bgt sampe 30rban beda sama apk keuangan yg lain yg kalo bayar pake VA pajaknya kecil paling cuma 2-3rb - PAJAK TERLALU BESAR MERUGIKAN - NIAT KEPEPET MALAH RUGI",negatif,negatif,True
42357501-fe3b-4d74-bf26-24308c562a44,VENTENY,Keandalan Sistem,"Monmaaf ini jaringannya tolong diperbaiki yaa,saya mau beli token sama pulsa gak bs2",negatif,negatif,True
c88604c4-a4b5-48d8-bde7-4901c2fce300,Wagely,Biaya/Potongan,"Oke sih tp skrng di btesin cmn bisa 1x pngmbiln,udh gitu biaya admin ny lmyan bisa buat beli bkso seporsi",positif,negatif,False
d6c39460-ca6c-45f9-92f5-23e370a31870,Mekari Flex,Kemudahan Penggunaan,bagus bisa hanya saja keamanan kurang,positif,negatif,False
cb1483e7-df7b-438e-9ba1-ef0bd4678e70,AyoKasbon,Kemudahan Penggunaan,Aplikasi jlek taaik,negatif,negatif,True
b03bc587-5fb7-47c4-9383-1a9864a57ecc,Mekari Flex,Keandalan Sistem,aplikasi sangat membantu sekali.tapi untuk saat akun saya di nonaktifkan,negatif,negatif,True
f55694e2-3380-4167-b9fc-de8ded5ae138,GajiGesa,Kecepatan Pencairan,"Sangat membantu,tapi kok dlm 2 hari ini penarikan selalu gagal,,",negatif,negatif,True
93179334-ce9f-4513-a9d7-c692d28f7a13,Paywatch,Kemudahan Penggunaan,goood untuk butuh dana cepat,positif,positif,True
a801a939-aedb-4a1c-b451-1f0bd3683096,VENTENY,Kemudahan Penggunaan,Aplikasi tidak bisa dibuka Sejak 11/11/24 sampai hari ini 29/11/24 apps masih ttp tidak bisa dibuka,negatif,netral,False
602d9b97-d233-4e20-be0c-99def9efbca4,VENTENY,Kemudahan Penggunaan,"Aplikasi yang membantu kebutuhan sehari"", bagus deh pokoknya",positif,positif,True
b9cb3671-be11-49ae-ba5e-74e441e64846,Wagely,Kemudahan Penggunaan,Bagus dan membantu,positif,positif,True
5165cb0e-260f-4968-aab6-dcc30ab0d7d9,Wagely,Kemudahan Penggunaan,Sangat terbantu dengan ada nya gajih instan ini trimaksih weglay,positif,positif,True
50d69732-9be5-4795-9dbc-6ad83a35f55f,VENTENY,Kemudahan Penggunaan,Aplikasi ngak jelas Nggak bisa login padahal udah beli voucher,negatif,negatif,True
a5ad9a20-c9a5-4980-b39e-e93813baa75a,GajiGesa,Biaya/Potongan,ada pajak ppn dalam setiap penarikan,netral,netral,True
9a2a87cb-7a26-4256-9a21-fcdca78901fa,VENTENY,Kemudahan Penggunaan,sangat baik. fitur yang diberikan sangat banyak dan pastinya mudah dipahami,positif,positif,True
1db1b25c-1138-4072-86e9-6c23a852b8e1,Mekari Flex,Customer Service,pelayanan terbaik cs cepat dan solusinya tepat sasaran,positif,positif,True
eb8dcdc8-aecd-4366-95da-5eaddd71b34c,Paywatch,Keandalan Sistem,"no HP dan email aku ganti, cara bnerin'a gmna ya biar bisa kepake lgi",negatif,negatif,True
cfe6a444-3e8a-44bf-88a7-21cd5e5608cc,Mekari Flex,Kemudahan Penggunaan,sangt bagus sekali,positif,positif,True
4094979a-6456-4736-a584-42e561623b7f,Wagely,Kemudahan Penggunaan,Sangat jelek tidak berguna,negatif,negatif,True
695dfdf4-4257-4d9b-9b82-08e2b29b70b0,Wagely,Keandalan Sistem,Sistem nya lagi error ya perhari ini...ga bisa tarik sisa saldo soal nya,negatif,negatif,True
c82e8678-8ecf-4f7d-96c7-1e804b7e141d,Mekari Flex,Keandalan Sistem,Hari ini makari flex error ..kenapa?,negatif,negatif,True
131547c6-f914-4d46-8447-159318001651,GajiGesa,Kemudahan Penggunaan,Terimakasih.gaji gesa bisa membantu keuangan sya.,positif,positif,True
81de4b99-ee7e-4659-bce4-5a232d55f632,GajiGesa,Kemudahan Penggunaan,cakep bagus sangan membatu kariawan dalam membatu kebutuhan ke uangan.,positif,positif,True
1c0ce239-a960-40e2-8c63-bdceba7969cf,GajiGesa,Keandalan Sistem,Semoga lebih baik lagi buat kedepannya,negatif,negatif,True
4896c401-024a-491e-94f4-c69ac6c050e9,Mekari Flex,Kemudahan Penggunaan,Saya sangat puas karna sangat berguna bagi karyawan swasta sperti saya,positif,positif,True
5766e196-b054-4a86-9ff3-c023e2333d62,Mekari Flex,Kemudahan Penggunaan,"Apalah suruh verifikasi wajah, belum verifikasi tau tau verifikasi udah batas maksimum, di coba terus juga masih gk bisa, jelek banget sekarang",negatif,negatif,True
9cab7cff-e77f-4aa5-b960-d281c75f3c94,VENTENY,Biaya/Potongan,nominal potongan akan muncul sebelum pengguna menekan konfirmasi,netral,netral,True
a60420dc-1112-4b64-a36c-99155cff05ff,VENTENY,Keandalan Sistem,"Awalnya direkomendasikan sama temen untuk pake app ini, buat bayar BPJS daripada harus capek keluar ongkos ke kota. Candu sampe sekarang, apalagi banyak promo-promo menarik dalam app ini.",negatif,negatif,True
f11e853e-43cf-495d-bcb8-414de141fb3b,AyoKasbon,Kecepatan Pencairan,Gak pernah cair daftar terus cair kaga,negatif,negatif,True
833278e8-3625-4efa-bab9-bd6722522140,VENTENY,Kemudahan Penggunaan,"Bermanfaat banget aplikasinya bisa transaksi pulsa, token listrik dll. Ga perlu repot kesana kesini buat bayar",positif,positif,True
94e9736e-e489-40fa-bd2e-7649601406ed,Wagely,Kemudahan Penggunaan,Sangat membantu saya,positif,positif,True
37e243dd-a2d5-4db1-8881-192163e38603,Wagely,Kemudahan Penggunaan,"Sangat membantu aplikasi nya, mantapp",positif,positif,True
bb34996e-d4c8-48d2-a0a2-7082ec59ce6a,VENTENY,Keandalan Sistem,"Seneng banget bisa nemu aplikasi ini superr lengkap gaperlu ribet lagi mau transfer atau isi pulsa harus keluar rumah, sekarang tinggal pke venteny. Disini juga disediakan jasa asuransi dan jual beli motor ternyata kereen banget dehh pokonya mantappss aplikasi ini wajib banget ada di hp kalian yg gamau ribet keluar2👍",negatif,negatif,True
ddf8ed2d-9fef-4eb8-bc2a-88bd6fea0fdf,Mekari Flex,Kemudahan Penggunaan,Mantap buat keperluan mendesak,positif,positif,True
f99d496f-8dac-4da3-992a-916e47345f78,VENTENY,Kemudahan Penggunaan,"Aplikasinya bagus dan membantu banget. Sekarang kalau ada keperluan, terutama beli pulsa udah ga ribet ke luar rumah dulu wkwk",positif,positif,True
7f599058-838b-4806-b8f2-8e8cd1f2af4b,Mekari Flex,Kecepatan Pencairan,Cukup membantu disaat kekurangan dana dan emng sih agak kurang lambat untuk pencairannya dikarenakan harus menjadi koleganya terlebih dahulu,negatif,netral,False
36a2a507-54e7-4868-8125-dde21b0aa270,Paywatch,Kemudahan Penggunaan,"mantap, semoga selamanya mudah terus ini apk",positif,positif,True
2e78899f-e9c9-4ac2-bedc-e6d8578c6736,VENTENY,Kemudahan Penggunaan,Platform aplikasi yang sangat dijadikan rekomendasi untuk yang ingin menjadi agen voucher,positif,positif,True
aef762a6-5779-46b9-abc7-d40576b4a7ff,GajiGesa,Kemudahan Penggunaan,Baik sekali dan membantu,positif,positif,True
867bccc4-ff02-4762-ae7c-ba3aecaa42f5,Wagely,Customer Service,Slow respon,negatif,negatif,True
63bd4ce5-78a7-48a6-b89b-a413d576b879,Wagely,Kemudahan Penggunaan,Bisa membantu org2 yg mebutuhkan disaat pandemic seperti saat ini,positif,positif,True
922ef88f-3839-427b-ba74-393ebd81e09a,Mekari Flex,Kecepatan Pencairan,Kurang rekomend karna harus menunggu persetujuan dari hrd dlu jadi tidak bisa untuk kebutuhan yg benar² mendesak .. Dri tgl 10 pengajuan hingga hari ini belum ada kejelasan masih menunggu persetujuan terus 😒,netral,negatif,False
4298669c-a9bd-480a-a1e0-88ff32f48c0f,GajiGesa,Kemudahan Penggunaan,Terima kasi sudah mebantu keluhan saya,positif,positif,True
ddfb38ec-7fcd-406e-95c8-5a58bd20f05c,Mekari Flex,Kemudahan Penggunaan,"Tidak membantu sama sekali, Prosesnya lama nunggu persetujuan nya ber bulan2, Potongan nta super duper besar, Cuman narik 100 rb aj potongan 30 rb, Sama kaya rentenir, Saldo sudar terpotong, tp masuk mah engga,,, Yg begini ini yg merusak indonesia, Bukan memudahkan malah menyulitkan...",negatif,negatif,True
4a81da68-0d2f-411b-82a9-0e75d1580521,VENTENY,Kemudahan Penggunaan,"Aplikasinya keren bisa buat top up, beli pulsa, paket data juga mantap bnget pokonya ga kalah sama sebelah",positif,positif,True
ed9bf1a9-21c2-41d5-b245-59399e921ada,Mekari Flex,Kemudahan Penggunaan,Buruk gak bisaa diakses,negatif,negatif,True
54fc2651-be67-4519-acb5-c232f8417b10,Mekari Flex,Kemudahan Penggunaan,sudah lebih baik dan membantu,positif,positif,True
818408bd-b660-4320-a8ad-4ed8a54f8850,VENTENY,Kemudahan Penggunaan,"buat aku yg suka mager keluar buat beli paket data sama pulsa sih best banget👍🏻👍🏻 ini memudahkan aku banget kalo misalnya habis paketan, dan ngebantu aku buat beli token listrik😆 pokonya top, prosesnya juga cepet dan ga ngeribetin👍🏻",positif,positif,True
ddf2571d-675f-478d-b845-4d06eff72504,Mekari Flex,Keandalan Sistem,"Biaya admin di naikin,ga bakal pake apk ini lagi biarpun itu fasilitas perusahaan, terimakasih bantuannya selama ini",negatif,negatif,True
5c9f56a5-7f3a-4d61-8bd0-1324df437ca0,GajiGesa,Kecepatan Pencairan,"Terakhir penarikan tgl 11,tgl12 13 14 saldo tidak bertambah harusnya jadi 400 kenapa masih 140",positif,negatif,False
84555f66-60bd-4cb5-a8fb-7131534c7f78,VENTENY,Kemudahan Penggunaan,"aplikasinya oke. memudahkan kita membeli pulsa dan bayar tagihan. transaksi dimanapun kapanpun, gak pake ribet",positif,positif,True
45b95bda-63bd-495a-9f99-c701a20801d3,VENTENY,Keandalan Sistem,Gak jelas banget udah di update pas di buka minta di update lagi. Di playstore nya aja uda ke update.. tapi setiap buka apknya minta di update terus..,negatif,negatif,True
169cb451-df9a-4e4b-aac5-671d05c0a12c,Wagely,Kecepatan Pencairan,"Wagely the best sangat sangat membantu, terimakasih wagely proses cair cepat secepat kirim pesan tinggal klik langsung masuk.",positif,positif,True
9a8e2a4f-10e1-4d60-a42d-f2a160349dba,Mekari Flex,Kemudahan Penggunaan,Sangat membntu sekali,positif,positif,True
44de62e2-bd40-42c3-bea4-3bcd1bed3600,Wagely,Customer Service,Adminnya slow respon banget ga gercep sama sekali,negatif,negatif,True
a38e1f36-faca-4452-b2a5-3a050243e911,Mekari Flex,Kecepatan Pencairan,"Kemaren pengajuan flex instalment, status sedang di tinjau sampai lebih dari 3 hari. Dan sekarang tiba2 di akun saya flex instalment nya hilang dari aplikasi. Sangat mengecewakan sekali bagi karyawan tetap seperti saya.",negatif,negatif,True
68a05b02-fa5a-4fe0-b3c6-2cc141a3a5d3,Wagely,Keandalan Sistem,Semoga lebih baik lagi kdepannya,negatif,negatif,True
e653bec3-3176-44c4-975f-59088f5e2640,GajiGesa,Keandalan Sistem,"Thankyou gaji gesa,, gajian jadi lebih cepat, berguna juga buat kebutuhan yang mendadak, sangat rekomanded donk pastinya bagi kita yg mau mengelola gajian tanpa ribet buat kebutuhan sehari2. penarikan juga lebih fleksibel. banyak bonusnya juga dan sangat membantu di awal bulan bagi yg kita gajian di akhir bulan.",positif,negatif,False
091f9503-fc82-4de8-87fa-3757e331bf27,GajiGesa,Keandalan Sistem,"Terlalu sering eror banyak bug, pembaruan yang gak jelas aja di pentingin",negatif,negatif,True
84eb060f-b30f-434e-b482-8ab82636e6b1,VENTENY,Kemudahan Penggunaan,Sangat Membantu untuk kami transaksi terimakasih venteny,positif,positif,True
0152a182-fe1a-4216-85d2-b37215aacc97,VENTENY,Keandalan Sistem,"Venteny membantu banget, ngga perlu ribet lagi bayar tagihan rumah tangga.. aplikasinya juga simpel 👍",negatif,negatif,True
b6ee77c7-1887-43a3-bd29-5d7b6945724e,GajiGesa,Keandalan Sistem,aplikasinya lemot. ngga bisa respon 24 jam. perbaikan data base ngga jelas. lama. masa nunggu jam kerja.,negatif,negatif,True
17aeb5ca-00cb-4725-a15c-22ef946f091a,Mekari Flex,Keandalan Sistem,Lambat,negatif,negatif,True
86e23d26-d78d-4acb-84eb-a021bb006f7f,Wagely,Kecepatan Pencairan,Aplikasi gk jelas masa gk masuk di serikatnya aja gk bisa ngambil uang lagi kan lucu,negatif,negatif,True
2fe3e3ef-3dba-445c-a820-5b4d6b5d8201,GajiGesa,Biaya/Potongan,Gajigesa sangat membantu disaat lg butuh uang darurat sebelum gajian. Tapi kalo bisa biaya adminnya jgn terlalu mahal.,negatif,negatif,True
43bc9d58-24de-47f9-838d-a208138b06ca,Mekari Flex,Biaya/Potongan,Baru gajian gk bisa d tarik duitnya Mana potongan sampe 30.000 sekali narik,negatif,negatif,True
ad3f244c-c6d3-4970-8fa1-80acec5e3d77,VENTENY,Kemudahan Penggunaan,"Aplikasi membantu, tingkatkan terus",positif,positif,True
3f3611f1-c597-414e-8c77-928ea64fc05f,Paywatch,Kemudahan Penggunaan,aplikasi sangat membantu sekali,positif,positif,True
3ce8155a-952e-4010-bafa-ae0794e7ca88,Mekari Flex,Keandalan Sistem,sangat sangat tidak efektif sekali!! hanya berlaku satu bulan saja setelah itu accesibility salary dinonaktifkan!!!!,negatif,negatif,True
2c42739f-a790-4256-bf71-2a948e6be05e,AyoKasbon,Kemudahan Penggunaan,Sangat membantu di saat kebutuhan mendadak para karyawan,positif,positif,True
9aee40aa-1e1d-434c-9206-2defd2a7e456,GajiGesa,Kecepatan Pencairan,"Ga jelas aplikasinya, ribet narik gaji, padahal gaji gaji kita, somplak",negatif,negatif,True
6d263f7b-7f9c-40a4-b985-8d21631c75f4,VENTENY,Kemudahan Penggunaan,"Terima kasih venteny sudah membantu meringankan pekerjaanku tanpa harus capek"" keluar rumah...",positif,positif,True
a793e168-5629-48fb-9c03-e78585324e50,VENTENY,Kemudahan Penggunaan,"Aplikasi ini membantu banget, mau isi pulsa, mau bayar listrik ato transfer mudah banget tinggal klik aja. Makasih",positif,positif,True
346c141b-ffe5-4491-b6f0-c49b232dc9a9,Wagely,Keandalan Sistem,"Admin nya ko tambah naik aja sih, yang awalnya 40 ribu sekarang naik lagi jadi 55 ribu. Jangan naik terus donk kita kan butuh bukan malah tambah di bebanin",negatif,negatif,True
317c9cd5-6758-404d-a719-490f8325ccba,Paywatch,Kemudahan Penggunaan,Kecewa ga susah dapet kode otpnya,negatif,positif,False
a6af9452-7695-4b8a-b5e9-0c6943277ed0,VENTENY,Keandalan Sistem,"Merasa terbantu banget sih dengan aplikasi ini. Apalagi pas lagi butuh kuota/pulsa darurat tapi mager pergi. Bisa beli lewat aplikasi ini tanpa ribet ke luar rumah. Aman juga untuk dompet digital, rekommended deh",negatif,negatif,True
8c25456d-ae74-42e0-aaa4-6c04d1d625b1,GajiGesa,Kemudahan Penggunaan,"Mantap, sangat membantu, terima kasih.",positif,positif,True
a84287e9-ace1-4d49-96b0-b149a280cc6c,Mekari Flex,Kemudahan Penggunaan,Mekari pembantu bg karyawan penolong bagi GAJI pas2san Tingkatkan saldo.mekari penolong para karyan saat ini TRIms Sukses terus dan tingkatkan saldo,positif,positif,True
bab9ed63-8e6b-4e1f-a538-07ea627abd7b,Wagely,Kemudahan Penggunaan,Kenapa saya tidak bisa daftar akun wagely apakah kusus prusahaan yang join yang boleh daftar,negatif,negatif,True
ef7f5d86-edbf-43e5-9f25-2e58acd7486f,GajiGesa,Keandalan Sistem,emang bermanfaat betul tapi kenapa ya akhir² ini apk ny gak berfungsi baik ya sperti ada no hp gak ada no rekening yg terdaftar bisa kasih jawabann knpa akun sperti ini,positif,negatif,False
b9bb4a6a-e8b8-4a1c-a7b7-3947e9f15e9d,Paywatch,Keandalan Sistem,sangat membantu sekali kami yg lagi butuh pinjaman,negatif,positif,False
1b2dbf86-c5dc-4226-aa46-a656c0e25604,Wagely,Keandalan Sistem,Kenapa wagely saya 2 bulan ini di nonaktifkan ? Padahal pembayaran saya autodebit langsung lunas dari perusahaan tiap bulan Pas lagi butuh butuhnya malah begini,negatif,negatif,True
aedde60e-48ff-41e2-944d-fe58ae61486a,Wagely,Biaya/Potongan,"Sangat membantu, cepat dan tidak memberatkan",positif,positif,True
676cbbab-5ce2-4990-935c-aaa43178ee96,Paywatch,Kemudahan Penggunaan,saya sudah unduh tpi ga bisa registrasi ga dpt kode otp nya gmna ini kak?,negatif,negatif,True
74adff31-b4a8-4427-9dd3-c589d24171c8,VENTENY,Keandalan Sistem,"Beli pulsa jadi mudah dengan adanya venteny, gak perlu keluar rumah lagi. Mendukung banget pas lg ada pandemi",negatif,negatif,True
eec99415-960a-438e-bbb7-e814783a6abc,VENTENY,Kemudahan Penggunaan,"Aplikasi yang cocok untuk anda yang berencana menjadi agen voucher,karena sistemnya yang memudahkan dan tidak ribet",positif,positif,True
6dc421d7-7b62-46bd-9101-11df50346526,GajiGesa,Kemudahan Penggunaan,"sangat membantu banget, trimakasih 🙏",positif,positif,True
c85e6844-7401-4a92-b8de-8cbba2a7d3c3,Mekari Flex,Kemudahan Penggunaan,"Sangat Membantu, Mantap!",positif,positif,True
4c3b8c0f-56d6-4182-a00b-ee857beba540,Mekari Flex,Biaya/Potongan,APK RENTENIR ..BIAYA POTONGAN NYA MAHAL BET DAH 21K MALAHAN MAH /TRANSAKSI .COBA BOS PERUSAHAAN GUA NGASIH PILIHAN MAU GA PAKE APK MEKARI DGN POTONGAN 20K/TRANSAKSI .DIJAMIN 1000% APK MEKARI GAKAN PERNAH LAKU DI DOWNLOAD .KEPAKSA GUA NGEDOWNLOAD NI APK BUSUK..SEMOGA PERUT LU MELEDAK YA ...,negatif,negatif,True
e3d43a79-b9bc-4977-9ed1-ad58f341d1e0,VENTENY,Kemudahan Penggunaan,"Transaksinya mudah dan gaperlu banyak kuota buat akses aplikasinya, ga berat dihp",positif,positif,True
17184be0-cac4-4b46-afd9-c6de42697316,Wagely,Keandalan Sistem,Bisa bantu kah saya sudah download tp dak bisa masuk tlong dibntu🙏🙏🙏🙏,positif,negatif,False
c34524b0-ef00-480e-a474-27e5cbc00a38,Mekari Flex,Kemudahan Penggunaan,sangat puas dan mudah menggunakan aplikasinya..semoga semakin sukses Mekari Flex,positif,positif,True
213d0044-9109-412d-9f70-aa1bc669bcf5,VENTENY,Kemudahan Penggunaan,aplikasi mantap sekalii,positif,positif,True
bde5060f-5df0-45cb-8f3c-2a3222c2100a,VENTENY,Kemudahan Penggunaan,Bangke... Keren lah pokoknya...,positif,positif,True
545fa109-2bd1-461e-b940-90eaa4b5f502,Wagely,Kemudahan Penggunaan,Smga bagus dan maju,positif,positif,True
44cf5f9f-2f66-49f8-80cc-6c4fb18fc4e6,Mekari Flex,Kecepatan Pencairan,"Sangat mudah digunakan, dan pencairan dan cepat",positif,positif,True
3d1b84e3-12cb-4344-9f25-9953c74acf6d,VENTENY,Kemudahan Penggunaan,"Mantap aplikasinya simpel gk pke ribet, fitur lengkap buat yang mau bayar-bayar tagihan dan beli pulsa tapi malas keluar rumah.",positif,positif,True
c1a5794e-968b-48dc-8ec0-65e2f33722ff,Mekari Flex,Kemudahan Penggunaan,Sangat Puas dengan hasil aplikasinya,positif,positif,True
e70b46b4-672d-44ac-a7b2-5dbd07ddee28,Wagely,Kemudahan Penggunaan,Terima kasih sangat membantu,positif,positif,True
ab20edc1-b6aa-4220-9e5f-03b604898275,Mekari Flex,Kemudahan Penggunaan,Mudah dan cepat,positif,positif,True
f63ec345-dd85-4d4b-9e25-2a34b3972bab,GajiGesa,Kemudahan Penggunaan,Mantap aplikasinya bisa membantu dan bisa menghindari dari pinjol,positif,positif,True
abb0d32a-05b3-4669-a626-f9447de7576f,Mekari Flex,Customer Service,pertanyaan bisa disampaikan melalui fitur chat,netral,netral,True
776f2c2b-5e60-4953-862e-84d72571e9d6,Mekari Flex,Kemudahan Penggunaan,Aplikasi ga jelas tarik tunai ga bisa padahal saldo sdh kepotong dan beli paket data jga udh tpi blm masuk sampe skrng trus kpotong jga ga guna bre.,negatif,negatif,True
2bbcb299-1c19-4639-a6f8-888b78514d8f,AyoKasbon,Kemudahan Penggunaan,Aplikasi ini sangat membantu sekali ... 👍👍👍,positif,positif,True
f9e75f21-03eb-41e8-b6f1-6d8ee151f946,Wagely,Keandalan Sistem,"Tolong ke pihak wagely. Yang terhubung di wa . Perbaiki lagi kerja nya . Masa ada keluhan susah di hubungi . Padahal sedang online . Terus kalo ada komplenan dan keluhan harus hubungi siapa . Cuman ng.wa nagih tagihan , pas di wa mau bertanya dan komplen susah nya minta ampun .",negatif,negatif,True
b7e89788-10f4-477e-98b9-8eeff878be51,Mekari Flex,Keandalan Sistem,"thanks min,, apk ini sgt membantu d saat kepepet bgt",positif,positif,True
2cb2325e-5b99-48ea-b9a7-dd77bfb2eaa3,Wagely,Customer Service,di update mlh turun versi yg awalnya bisa narik lewat walet mlh jdi ga bisa yg awalnya bisa narik 750 ribu kapan aja walau limit masih kurang dari 750 ribu mlh jdi ga bisa stlh di updet mlh turun kmbali ke versi awal lucu banget aneh ga menarik fitur nya gitu gitu aja kurang bnget...cs nya juga slow respon di wa siang di bls jam 12 MLM 😅ga jauh beda sama pinjol ini MH cmn ini MH skligus di bayar jdi bgtu gjihan habis adminnya juga gede sama aja Kya bunga pinjol apa beda nya ga di awasi OJK juga,negatif,negatif,True
edcb7f7c-89f4-4800-840a-177c10c09796,Mekari Flex,Keandalan Sistem,Aneh setiap mau tarik balik lagi harap menghubungi hrd .. Tapi tetangga oursorch lancar aja narik,negatif,negatif,True
b03d899f-a3dc-4758-9331-b5a511b16b93,Wagely,Kemudahan Penggunaan,"Terimakasih wagely...sangat sangat membantu disaat tgl tua, belum gajian dan ada kebutuhan mendadak Awal2 dapat share di wa....kubilang dan ku kira penipuan 😂😂😂 skrg malah jd ketergantungan 😂😂😂 Terimakasih wagely semoga semakin sukses jaya selamanya...aamiin",positif,positif,True
4228fcb7-3f86-4c9e-b785-dcb2714fd8b1,VENTENY,Kemudahan Penggunaan,"waaah, ada aplikasi baru memudahkan buat transaksi apapun, bisa nih buat bisnis 😍😍😍 jual pulsa dan jasa isi saldo2 digital 🤤🤤🤤",positif,positif,True
a7f17fac-eeb5-4829-b735-bbf7d19d20cb,VENTENY,Keandalan Sistem,"Dapet rekomendasi temen aplikasi Venteny bagus, langsung download bener fiturnya lengkap gampang ga ribet, isi pulsa token listrik dll, asli ngebantu banget.",positif,negatif,False
740d4762-9bfb-40dd-872c-9a1ef2b5d76e,Wagely,Biaya/Potongan,Biaya keanggotaan membunuh,negatif,negatif,True
21fac0db-8764-4613-9a1c-9e0409a0f7ef,Wagely,Kecepatan Pencairan,"Wagely makin kesini kok banyak biaya tambahan c ....biaya keanggotaan aja 50 k setiap kali penarikan ...ditambah skrng ada 2 pilihan yg tarik instan ada fee juga ...trus penarikan yg 24 jam gratis tapi nunggu , org lagi butuh kok malah disuruh nunggu ,, intinya wagely makin banyak biaya plus plus nya makin kesini ... padahal biaya keanggotaan aja udh besar ....dimana mana biaya keanggotaan itu sekali ...klo penarikan dikenai charge itu wajar tapi gag segeda itu juga ...ngambil 190 jadi 250k.sdis",positif,negatif,False
03165a7f-5d7b-4118-800a-fe47188c8545,Mekari Flex,Keandalan Sistem,Gimana ini verifikasi muka gagal terus .. Malah ngelek terus Apkasi nya semenjak di upgrade.,negatif,negatif,True
f8eaf7e4-c573-4921-b52f-cf7850cd7091,GajiGesa,Keandalan Sistem,"Menurut saya ini gak fleksibel, di setiap menarik gaji timbun notif silahkan hubungi HR, dan HR saya tidak ada masalah, 97% karyawan mengeluh, sepeti tidak di anggap keberadaan di perusahaan, bahkan HR yg jadi korban dari pertanyaan para karyawan, berarti dari pihak gaji gesa yg memanfaatkan, masa mentenance sampe berbulan2 molor mulu, apk ini kan untuk mempermudah karyawan yg membutuhkan dana disaan sebelom gajian, report aja kali ya,. Tkutnya banyak korban lagi, gaji gak sempurna keterimanya.",negatif,negatif,True
6274b08c-ee5b-459e-a164-09f14a370add,VENTENY,Kemudahan Penggunaan,"Aplikasi bagus buat karyawan utk meningkatkan skill dg menonton vidio dan juga buat bayar listrik, pulsa, fitur nya banyak ga kalah ama sebelah",positif,positif,True
b63c5ff6-851a-4448-b5e6-98727c7060d9,Mekari Flex,Biaya/Potongan,mantap kalo bisa biaya admin ceban aja maksimal,positif,positif,True
00b51df4-2d49-4406-9256-d9eb0ff22306,VENTENY,Customer Service,"Respon cepat dan sangat bagus ,",positif,positif,True
00fc020f-0d0e-4382-a53e-93acd4fa27a0,Paywatch,Keandalan Sistem,performa aplikasinya stabil untuk penggunaan sehari hari tapi ketika jaringan internet saya sedang tidak stabil aplikasinya juga ikut melambat ini mungkin lebih ke masalah koneksi bukan semata masalah aplikasinya,netral,netral,True
c2a62b53-1ee6-4b2a-a877-ed217de74310,VENTENY,Keandalan Sistem,"Aplikasi yg sangat berfaedah, bisa bayar semua transaksi, praktis, ayo download sekarang",positif,positif,True
3324c706-87aa-4036-99aa-617379dda22f,Wagely,Keandalan Sistem,Terima kasih wagely aplikasi yang luar biasa bisa membantu operasional kerja kita tanpa resiko. Semoga bisa lebih baik lagi makin seru dan mudah d gunakan,negatif,negatif,True
a52339d8-e709-4611-8ee7-19a795d0953a,VENTENY,Kemudahan Penggunaan,"Mantap banget, simpel gak pake ribet. Gak perlu keluar keluar kalo mau bayar, tinggal klik beres. Good job Venteny.",positif,positif,True
7d354d79-fbd9-4ca1-a9d1-688ef57d19f7,Wagely,Kemudahan Penggunaan,apk ga jls masa ga bisa minjem lagi admin gede potongan,negatif,negatif,True
40bdd889-5fca-4a21-951d-394def3e3e4b,VENTENY,Kemudahan Penggunaan,"mulai dari bayar tagihan ,topup ewallet semua ada disini .. recomEnded buat hp yang memoRy kecil 😂😂",positif,positif,True
02948232-d6d4-4df6-ae13-bc85b0c73d11,Wagely,Biaya/Potongan,"Biaya admin terlalu tinggi, menyebabkan kerugian besar terhadap karyawan .",negatif,negatif,True
07e8a21c-b5b2-4f05-ab2c-0aa669810b9d,Paywatch,Kecepatan Pencairan,pengajuan saya diproses sekitar dua sampai tiga jam tidak secepat yang dijanjikan di iklan tapi juga tidak terlalu lama masih dalam batas wajar menurut saya asal konsisten seperti ini setiap bulannya,netral,netral,True
aca5f1cf-065b-4ec1-9ca2-5eab9b498185,Wagely,Keandalan Sistem,"Kalou bsa setiap transaksi 1 x potongan aja,lah ini malah di nonaktifkan Padahal potongan nya lancar kenapa di nonaktifkan payah ni,tapi ya sudah lah ga apa apa malah enak ga ada potongan lgi,50 itu besar bos.",negatif,negatif,True
3aa9ba7b-c4b3-4bba-a988-e25a3d75ea02,Paywatch,Kemudahan Penggunaan,sangat membantu saya terimakasih paywatch,positif,positif,True
8f121928-f222-48a1-b2f2-04f417971915,Wagely,Keandalan Sistem,"Awal nya sih aplikasi wageli enak ,udah 3 bulan sya menggunakan wageli makin sini makin aneh akses di nonaktifkan sementara mulu ,mending unistal aja aplikasi payah tidak membantu sama sekali",negatif,negatif,True
2e53d101-f97b-4faf-bf98-c2a4eac55b6f,Wagely,Biaya/Potongan,knpa di updet ko mlh jdi turun versy nya udh bagus bisa lewat wallet trus udh bisa narik 750000 ribu kpan aja eh di updet mlh balik lgi ke semula mlh hilang smua nya kmbali ke awal konyol jdi kecewa.,negatif,negatif,True
95fbf67d-fa3a-4a5f-a128-408c4d79cab4,Wagely,Customer Service,Bunga terlalku besar pelayanan buruk mendinb di unistal saja..,negatif,negatif,True
84d27072-2d6c-43c4-bb86-c0a80c290e30,Paywatch,Kemudahan Penggunaan,"Bagus, sangat membantu disaat keuangan menipis di akhir bulan",positif,positif,True
44c43373-05a0-4223-8993-c479ed48bdf3,Paywatch,Kemudahan Penggunaan,kode otp ga bisa keluar... caranya gmn ya.. Uda coba berkali kali tap tetep gabisa,negatif,negatif,True
765f7e11-0bbb-494c-ba9e-a9358ed5bb10,Wagely,Biaya/Potongan,gangerti sama sistem bayarnya bulan ini minjam cuman 200 ribu duakali tarik tapi pas gajian yg dipotong 800 ribulebih apa yg bula lalu?padahal tiap bulan kalo minjem gapernah gede tapi tiap bulan kena potongan yg gede,negatif,negatif,True
45f3f525-c8a4-40ef-8966-9982a9824422,GajiGesa,Keandalan Sistem,saya coba login tapi diminta update dulu,netral,netral,True
3ec2ade2-a001-406c-93aa-c500811786ff,VENTENY,Kemudahan Penggunaan,"Sebagai orang yg sangat hobi rebahan aku merasa sangat terbantu sih dengan aplikasi venteny wkwkwk mau topup apa apa tinggal klick aja, bisa beli pulsa, bayar listrik, asuransi dll simpel sangat",positif,positif,True
9d119e58-b0ad-457d-89c1-c41a2f1acad6,Wagely,Customer Service,"Aplikasi sering nge blank, sampe udh 2x uninstal. Mau login gak bisa krn tampilan blank",netral,negatif,False
d9bc52ca-0b40-45a6-bf9a-5fde8fcf76f6,VENTENY,Customer Service,"Keren aplikasinya, kekinian. CS nya juga ramah, boleh lah bersaing dengan yg lainn.",positif,positif,True
07026557-6be9-4edb-a51a-b9c1b94b3a06,Wagely,Keandalan Sistem,seluruh karyawan tidak bisa lagi menggunakan ada apa ya?!,negatif,negatif,True
2c569ff5-c811-49f8-8867-3922de58ba97,VENTENY,Kemudahan Penggunaan,"Aplikasi venteny nih membantu banget banyak banget promo2 voucher murah buat makan di starbucks gk cuman itu aja beli pulsa, bayar wifi bahkan ikut pelatihan pun bisa di aplikasi ini",positif,positif,True
270259fc-555f-4afc-b2d2-537ff35438dd,VENTENY,Kemudahan Penggunaan,"Aplikasi yang sangat ringan dan user friendly, memudahkan kita untuk melakukan banyak hal seperti membeli pulsa atau token listrik. Terimakasih venteny",positif,positif,True
d0dea57e-7b24-4d5c-875b-fb105e217eee,VENTENY,Kemudahan Penggunaan,"Aplikasinya sangat mudah digunakan. Dan tentunya sangat bermanfat untuk saya yang sering membeli pulsa dan kuota, sehingga di mana pun saya berada, saya tetap dapat mengisi pulsa dan kuota tanpa kesulitan",positif,positif,True
11e85d60-c610-4750-8204-0384969dcdb1,GajiGesa,Kemudahan Penggunaan,"sangat rekomendasi, dan bermanfaat banget",positif,positif,True
9d119e58-b0ad-457d-89c1-c41a2f1acad6,Wagely,Keandalan Sistem,"Aplikasi sering nge blank, sampe udh 2x uninstal. Mau login gak bisa krn tampilan blank",negatif,negatif,True
98f8220e-6444-4a7b-ab31-3b2ce6bc4ca5,GajiGesa,Keandalan Sistem,sistem menampilkan kode error 404,netral,netral,True
af0e5ebc-bf4c-42e1-840e-a23380650467,VENTENY,Keandalan Sistem,Tidak bisa transaksi,negatif,negatif,True
a8364be3-efbf-45bf-b117-7ced50a7a194,Paywatch,Keandalan Sistem,sangat membantu sekali paywatch ini..apalagi di saat tgl tua.. terimakasih paywatch,negatif,negatif,True
217b33be-0e24-4273-9ebe-59ac33f67f7e,Wagely,Keandalan Sistem,kenapa habis update baru baru ini mau narik saldo wagely ku sering ngestuck menunggu pembayaran.. biasanya hanya hitungan menit.. terus ada dikenakan biaya 15 ribu lagi.. biasanya gak seperti sekarang malah makin ribet ni aplikasi,negatif,negatif,True
8bc590f6-dce2-45d2-b1cf-436f9d5935db,VENTENY,Kemudahan Penggunaan,Majesticc transaksi jadi gampang,positif,positif,True
a78eae54-2b6c-41d5-ba5a-984592e19694,Mekari Flex,Biaya/Potongan,biaya admin sangat kecil tidak memberatkan sama sekali,positif,negatif,False
a4595604-9c1b-49a2-a98b-086a7b4af8e8,VENTENY,Kemudahan Penggunaan,"dompet digital paling aman dan ga ribet, fitur tfnya juga mudah bgt, recommended",positif,positif,True
0ff90fcc-04c5-464d-9571-71039a8a8af7,Mekari Flex,Kemudahan Penggunaan,Padahal email dan kata sandi sudah betul masih tidak bisa login,negatif,negatif,True
11c6a77b-020f-48ba-8f79-c9b240ea3197,GajiGesa,Customer Service,saya melaporkan masalah akun saya dan cs merespons dengan prosedur standar meminta data data verifikasi yang diperlukan prosesnya cukup panjang tapi saya mengerti ini demi keamanan akun saya sendiri,netral,netral,True
68d7092c-6c0c-4557-a7ed-c16be09a00f7,AyoKasbon,Kemudahan Penggunaan,Aplikasi Mudah Di Acc,positif,positif,True
54c5f7d2-4e7e-4662-ac8d-a6b05e52d588,VENTENY,Keandalan Sistem,"Aplikasi ini bagus banget, mempermudah kita semua dalam setiap transaksi. Apalagi untuk orang yang super sibuk ga bakal nyesel deh pake aplikasi ini, mau bayar apapun ga perlu ribet lagi.",negatif,negatif,True
e69c6879-edf9-4d36-b114-11095cfc6840,GajiGesa,Customer Service,"Payah......transaksi harus jam kerja, proses nya lama, admin slow respont",negatif,negatif,True
408e2d06-375b-4247-ab7f-e1bad2a62bb9,VENTENY,Kemudahan Penggunaan,"Aplikasi Bagus,mudah di gunakan,pembayaran jadi lebih mudah dan cepat",positif,positif,True
9c0a92aa-0226-4f8d-b59d-8209299a95df,Mekari Flex,Biaya/Potongan,Biaya admin naik terus,negatif,negatif,True
a17cd0b6-2702-4bef-9fce-9b37b54d8ed6,Mekari Flex,Kemudahan Penggunaan,"Hallo mekari, ko payah bgt ya tolong di tingkat kan dong pelayanannya padahal awal sudah bagus ko makin ke sini makin sulit di gunain",negatif,negatif,True
db34f238-f88e-4dd6-96c4-7e23308abc43,GajiGesa,Customer Service,"Tidak bisa bertransaksi silahkan hub HR ,kata HR ""sedang maintenance ditunggu aja"" dari tgl 02 febuary sampai tgl 09 febuary maintenance apaan ?padahal gaji udah dipotong pas butuh gak bisa bertransaksi dan tarik gaji ,,,ini si namanya bukan makin mudah tapi makin suram",negatif,negatif,True
a62b92c6-4417-4f56-a861-a2a6090a9bca,VENTENY,Kemudahan Penggunaan,"Pliss aplikasinya bgus bgt, anti ribet buat dipke sehari2, nyesel kenapa baru download sekarang, sukses terus kedepannya ventenyyy",negatif,positif,False
40d5b41d-f46e-4c48-abd0-35b57561486b,Paywatch,Kemudahan Penggunaan,ok banget cepat prosesnya,positif,positif,True
c98bd537-9e20-41e7-b8ed-2b437aa22a58,VENTENY,Customer Service,"Beli vc setelah redeem malah tidak terdftr vcnya . Padahal urgent pemakaian , chat cs lama . Sangat2 lambat penanganannya , telp kontak kantor yg tertera juga ga terdftr . Paraah . Customer dibuat bingung dg vc yg uda dibeli . Dikasi kode vc yg palsu",negatif,negatif,True
4c3b8c0f-56d6-4182-a00b-ee857beba540,Mekari Flex,Keandalan Sistem,APK RENTENIR ..BIAYA POTONGAN NYA MAHAL BET DAH 21K MALAHAN MAH /TRANSAKSI .COBA BOS PERUSAHAAN GUA NGASIH PILIHAN MAU GA PAKE APK MEKARI DGN POTONGAN 20K/TRANSAKSI .DIJAMIN 1000% APK MEKARI GAKAN PERNAH LAKU DI DOWNLOAD .KEPAKSA GUA NGEDOWNLOAD NI APK BUSUK..SEMOGA PERUT LU MELEDAK YA ...,negatif,negatif,True
8d39b596-489b-46cc-8346-07bff5dafa51,Wagely,Keandalan Sistem,setiap mau tarik dana layar blank putih terus.........,negatif,negatif,True
a95fb398-27bc-4be3-a09f-6b7ee967df59,Wagely,Keandalan Sistem,Aplikasi gk jelas. Bayar lancar. Tiba tiba di nonaktifkan.,negatif,negatif,True
5aa0b3e1-16f1-46a8-a38b-16209535cf65,Wagely,Kecepatan Pencairan,"semakin kesini, semakin update, semakin kecil batas penarikannya .. sekarang cuma bisa tarik 375.000, sementara biaya admin, biaya penarikan instan dan hitungan pajak hampir 50.000",positif,negatif,False
4f5c6033-51f6-41fc-9bab-7f21cc579edd,VENTENY,Kemudahan Penggunaan,"Aplikasi ini sangat bagus sekali, banyak fitur yang menarik.. pokonya aplikasi ini the best",positif,positif,True
84a5deea-fa32-4e99-b6fc-27cf7296d68a,GajiGesa,Kecepatan Pencairan,Keterangannya sudah memasuki masa transaksi tapi pas di coba melakukan penarikan sampai 3 hari masih juga belum bisa...,negatif,negatif,True
2adf49d5-631c-4552-bd22-f342c0e94173,VENTENY,Kemudahan Penggunaan,Program pemenuhan Dana Saturday diventeny Benar benar work it. Solusi yang bagus untuk karyawan,positif,positif,True
dfe2db62-e09b-4220-b3c7-1bc2207eccfa,Wagely,Biaya/Potongan,"Biaya grtis hanya di awal, trus mahalllll pol adminnya mending pakai krtu kredit lebih murah",negatif,negatif,True
1556cc9c-d78a-4315-a1b9-89f19b9a04bc,Wagely,Kemudahan Penggunaan,Respon kode otp lemot.dah saya uninstall ajah laah,negatif,negatif,True
2a748de6-fd50-4db7-a199-85e2093bed58,GajiGesa,Keandalan Sistem,"Bagus sih aplikasi y, cuma sayang cuma di awal ajah bisa pas bulan ke 3 ke 4 susah ga bisa lagi penarikan",negatif,negatif,True
ec07b6bd-2c8a-4433-bd78-c5ee887e380c,Paywatch,Kemudahan Penggunaan,terima kasih...dengan adanya aplikasi paywatch bisa terbantu terima kasih,positif,positif,True
6a3629b1-2c44-493a-baf3-069b097689a6,VENTENY,Keandalan Sistem,versi lama aplikasi tidak lagi didukung setelah pembaruan terbaru,netral,netral,True
47478d8f-20f9-4259-a964-8748a82ec273,GajiGesa,Keandalan Sistem,Tiba² error dan waktu log in status akun tidak terdaftar,negatif,negatif,True
26d0e11d-dd5e-4440-a257-f1701c6ee16c,Mekari Flex,Biaya/Potongan,gaji sudah dipotong tapi malah blm kerefresh gmn si? kecewa bgt tolong admin di bnrin lagi sistem nya,negatif,negatif,True
a241b99b-bd98-4586-99eb-671150faceda,Mekari Flex,Kemudahan Penggunaan,Good job sukses selalu,positif,positif,True
e643fd06-79ee-4406-93ae-74390fc78c53,Wagely,Kemudahan Penggunaan,aplikasi busuk Batak berkedok tidak sesuai OJK bunganya gila gilaan mending cari aplikasi yg lain sebl. menyesal,negatif,negatif,True
ebc23267-a3c1-4e77-8af8-24cde0c8e02c,Mekari Flex,Customer Service,saya menunggu balasan dari customer service,netral,netral,True
bde3579a-c3e1-41ae-bc11-691f2029ac69,GajiGesa,Kemudahan Penggunaan,Aplikasi apaan itu sangat tidak jelas Kantornya tidak jelas Sangat tidak jelas,negatif,negatif,True
1fdf2e9a-6bc2-480e-8760-a87d6990664a,Mekari Flex,Kemudahan Penggunaan,"Bagus,, sayang saldo normal nunggu berhari",positif,positif,True
228164f1-dc47-4e6d-9ebf-79a1a7e8840e,Mekari Flex,Kemudahan Penggunaan,sangat membantu sekali tapi sayangnya limit cuman sedikit 🙏,positif,positif,True
578ac9c0-4954-4d93-bd2b-80a189af0529,VENTENY,Keandalan Sistem,"bener bener aplikasi recommended banget, terutama bagi kita kaum yang nggak mau ribet sana sini,pemakaian yang sangat mudah bisa melakukan apa aja,dari isi pulsa,beli makanan bisa bangetttt.apalagi dijaman sekarang serba online,nah aplikasi ini bagus banget buat jadi penunjang nya matablah pokoknyaaaa!!!",negatif,negatif,True
c7cd0ae2-216a-4fc7-93e2-ed0b6dafe041,Wagely,Kemudahan Penggunaan,pelayanan sekarang sangat buruk!!!!,negatif,negatif,True
9761960b-979d-4111-aa69-bec7a771e38c,Wagely,Keandalan Sistem,Aplikasi Wagely makin buruk sistem nya Setiap kali mau digunakan malah di nonaktifkan padahal setiap bulan langsung potong gaji Makin kesini bukan nya bagus malah makin jelek atuh aplikasi Wagely karna sistem nya tidak jelas Sudah hubungi pihak Cs Wagely tidak memberikan petunjuk malah sering kali apa yang kita tanyakan sering di abaikan pertanyaan kita aduh kacau Wagely,negatif,negatif,True
25bb27d2-d986-4129-b7b0-b70d175de151,Paywatch,Keandalan Sistem,Bermasalah terus apk nya,negatif,negatif,True
ce24c6e5-f4ca-4bcb-bbac-8ac2f2416411,VENTENY,Keandalan Sistem,Sangat membantu banget buat ibu2 yg suka kelupaan beli token pln dan mls beli kouta ke konter cuma pake apk ini aja gk ribet2 lagi,negatif,negatif,True
28ad7722-2748-47b0-b801-3de3a0e67d2e,Wagely,Customer Service,"Susah banget hubungi cs, ga prfesional banget. Bahasa cs udh kayak niat ga niat. Pelayanan sangat sangat sangat buruk. Not recomended 👎",negatif,negatif,True
ce46675f-c7bf-4b84-b0d1-8e582d24f31e,GajiGesa,Kemudahan Penggunaan,Sangat membantu di tanggal tua,positif,positif,True
a8a3608d-b9e9-4e08-b998-fe2c414aa788,Mekari Flex,Kemudahan Penggunaan,kata nya dapet casback gopay 20 smape skrang ngga ada nihh notip nya...pembohongan nih aplikasi,negatif,negatif,True
00e5ae9f-650c-40dd-830a-dad644a6d85d,VENTENY,Kemudahan Penggunaan,saya pernah tidak sengaja klik menu yang salah dan harus mengulang proses dari awal ini menunjukkan bahwa alur aplikasinya belum sepenuhnya foolproof tapi secara keseluruhan masih bisa diterima,netral,netral,True
6a96ffed-9d92-4ec9-9438-5518ac0d1241,Wagely,Kecepatan Pencairan,"penarikan instan adimnya terlalu ting,pake penarika 24jam lama sekali saldo masuk",negatif,negatif,True
e51ee076-57bf-42d7-89d5-8634cf47e47f,Wagely,Kemudahan Penggunaan,"Alhamdulillah sangat amat ngebantu , kalo bisa jgn ada admin kwkwkwk",positif,positif,True
87b243bf-28b5-4116-8e63-a51afc61b7c7,Wagely,Kemudahan Penggunaan,"udah platinum tapi kenapa limitnya jadi dikurangin, bulan Januari ini. tolong admin bantu jawab???",positif,positif,True
59f8eda5-c668-4870-b141-c34941ee8ad8,Wagely,Keandalan Sistem,membantu sih tapi kadang suka error aplikasinya,negatif,negatif,True
f4c8d494-e15e-4ec5-a182-d5786e20664a,Mekari Flex,Customer Service,Mekari sangat tepat dalam mengatasi solusi kebutuhan transaksi dan kendala penarikan,positif,positif,True
e863f97d-60c5-4588-856b-e537b4c41d3f,GajiGesa,Kecepatan Pencairan,"awal ny lncar bisa narik gajih pas bulan ke 2 susah bngt,",positif,positif,True
adcd4529-f6fa-4126-b3da-82db51106bcd,Wagely,Keandalan Sistem,Benar2 membantu keuangan disaat darurat....tp knp sering bgt dinonaktifkan akses pencairan'y,negatif,negatif,True
040a0e97-79b6-4fab-98f2-9f9c6d4e0462,Mekari Flex,Kemudahan Penggunaan,Aplikasi mekari flex emg bagus... Top,positif,positif,True
6299cc63-ee10-4d50-a183-38821251a2ac,Mekari Flex,Kemudahan Penggunaan,"Bulan pertama masuk kerja bisa pakai,selanjut d blok suruh hubungi HR,payah harusnya HR gak usah ikut campur tangan,kan d handle tim mekari smwa hr tinggal terima laporan saja toh pas gajian kan langsung potong",negatif,negatif,True
c0469aa8-bbd7-41dd-aa39-d8d9176792be,Mekari Flex,Kemudahan Penggunaan,mantab sangat membantu trimakasih,positif,positif,True
c3129908-e0f8-44c8-bb60-3835a53ec202,Mekari Flex,Kemudahan Penggunaan,Flexible Dan mudah digunakan,positif,positif,True
8e3ed271-622e-450f-8c92-3f1e43b2d11b,Paywatch,Kemudahan Penggunaan,"Gajimu Kendalimu, Paywatch Global memudahkan pegawai untuk menarik dana dari gaji sebelum tanggal gajian. Aplikasi mudah digunakan bila Perusahaan sudah ada MOU dengan Paywatch Global. Saran : Tetap Bijak dengan manajemen keuangan pribadi.",positif,positif,True
d6666ea0-9c1f-48fd-995d-945ef217b588,VENTENY,Kemudahan Penggunaan,saya diberikan rincian dengan jelas dan membaca rincian potongan sebelum mengkonfirmasi pengajuan,netral,netral,True
14d47a8c-909b-48ac-a96d-7228222a069e,Mekari Flex,Kemudahan Penggunaan,"Cukup membantu,disaat kami ada kebutuhan tiba tiba",positif,positif,True
84c6649e-0689-4fe5-ad54-c4b035970060,Wagely,Biaya/Potongan,"Kenapa potongan wagely terlalu besar yah,,hampir dua kali lipat dri total pengambilan,bulan kemarin ambil 400000 pas gajian kok di potong 750000 besar banget bunganya yah..melebihi rentenir gadungan,bahkan melebihi bunga pinjaman online,,sangat mencekik.",negatif,negatif,True
38ec3b47-3e6f-4c03-8450-3b702b8e9a17,AyoKasbon,Kemudahan Penggunaan,Apk aneh gak bisa daftar,negatif,negatif,True
f6704499-fbb3-4bfb-92e4-18c0d38409fa,VENTENY,Kemudahan Penggunaan,mantap aplikasinya. Beli pulsa tdk perlu repot,positif,positif,True
f7e38f52-4c90-40dc-99aa-0457342ed657,Wagely,Kemudahan Penggunaan,bisa membantu disaat di butuhkan terimakasih,positif,positif,True
93682d3c-979a-4874-b60b-85528358b46c,Wagely,Kemudahan Penggunaan,"sangat bagus aplikasi ini, membantu sekali untuk ambil gaji lebih awal",positif,positif,True
ca03cae1-a7a2-44b5-b4eb-c6cbef558e5c,GajiGesa,Customer Service,"Tidak bisa melakukan transaksi dengan keterangan akun tidak aktif dari 21 Maret 2026 sampai 21 April 2026. Sementara pihak Vendor tidak mengetahui penyebab hal ini. Koordinasi dengan CS aplikasi by WA, nomer saya malah di Blokir!",negatif,negatif,True
c4b6816a-549c-426c-9fd2-167e25da3003,Wagely,Kemudahan Penggunaan,Sudah bagus tapi kenapa ngambil nya cuma bisa 3 kali saja Kenapa ga bebas aja mau berapa kali juga,positif,negatif,False
e463459d-2806-4c7e-99c6-d062296ac003,GajiGesa,Keandalan Sistem,"Kadang kalau lagi bu, tengah malem suka delay wkwkkw tpi gpp",negatif,negatif,True
2179909d-fd20-45bd-8f60-2d156afdfc63,Wagely,Kemudahan Penggunaan,Wegly bnr2 sangat membantu keluarga ki,positif,positif,True
3d1b1227-c12b-4c67-948f-8a6e1e251649,Wagely,Kemudahan Penggunaan,"Gampang, lumayan cepet",positif,positif,True
6c10fdf4-a67e-4000-86e2-f6c5a50164d1,Mekari Flex,Kecepatan Pencairan,Pengajuan lama banget udah di approve2 tapi step 2 lama,negatif,negatif,True
429d317b-07d9-4729-90a0-54ccf969b5e2,Wagely,Kemudahan Penggunaan,Terimakasih wagely 🙏,positif,positif,True
92b4f74b-913d-4905-b43d-a5a4c2a2ee9a,Wagely,Keandalan Sistem,"Mohon ditingkatkan lagi , agat sinkron dengan hari kerja , karna terhitung nya beda 1 hari ,",negatif,negatif,True
7a16089c-8316-4dc1-a9d5-ca5a9c78e205,Mekari Flex,Biaya/Potongan,BIAYA ADMINYA TERLALU MAHAL,negatif,negatif,True
0bc5e5e6-fad7-49d9-8a43-a62f934622ec,VENTENY,Kemudahan Penggunaan,Rekomendasi aplikasi yang bisa dijadikan rekomendasi untuk menjadi agen Vocher karena fiturnya yang bagus,positif,positif,True
e2e2ddd2-be8f-4ba5-8981-2ed4087db9df,VENTENY,Biaya/Potongan,"dompet digital yang aman, dan bisa transfer ke mana pun dengan biaya tranfer yang murahh, fiturnya mudah bgtt digunakan. recommended",positif,positif,True
cf49585f-e009-4ecf-b90f-ed54b9cd06ff,VENTENY,Keandalan Sistem,aplikasi buruk tidak bisa beli voucher keterangan kuatintas padahal mau beli.jangan download deh aplikasi ini,negatif,negatif,True
fb077c5f-7cbd-46d8-8fc1-c18995b538ff,Mekari Flex,Keandalan Sistem,tidak bisa di buka sama sekali setelah di update download lagi sama tidak bisa dibuka,negatif,negatif,True
7741ce65-9ab1-4d72-a9da-c7f8117c0277,Mekari Flex,Kecepatan Pencairan,"aplikasinya kurang bagus padahal karyawan masih kerja, pingin pinjam lagi tapi ditolak gak jelas",negatif,negatif,True
7aa4a29b-5b05-46ba-999e-9d0424d54fa2,GajiGesa,Keandalan Sistem,Aplikasi yg sangat bagus Respon cepat Semoga limitnya ditamba lgi,negatif,negatif,True
99e7acab-a9e6-4e14-808a-310bd97ac4c3,Wagely,Biaya/Potongan,hasil keringat sendiri kok ada potongan .toh bukan hutang .,negatif,negatif,True
e79a2340-37f5-4773-9915-6d44762f8f69,GajiGesa,Customer Service,"Bulan sekarang penarikan status menunggu trs dari tanggal 15 - sekarang dengan alasan tertunda pas nanya ke cs alasanya knpa malah di suruh nunggu 4 hari diluar hari libur, padahal batas penarikan cuma 5 hari. Bantu perbaiki yah",positif,negatif,False
2fa8959b-7aa1-46f6-bc2a-0cf4032dd85d,AyoKasbon,Kemudahan Penggunaan,Aplikasi gak jelas pembohongan publik saya akan laporkan kepada pihak yang berwajib kalau anda macem macem ke saya😏😏😏😏😏😏😏,negatif,negatif,True
1399ed99-1e7f-414a-be11-0544b8e9b875,GajiGesa,Keandalan Sistem,Bikin aplikasi gimana sii lemot bgt sinyal bgus tapi lama ga kebuka-buka,negatif,negatif,True
22c40570-1935-41ba-8e0b-867302ebc99c,Mekari Flex,Kemudahan Penggunaan,Mekari atau ewa info hrd syaa eror gabisa dipakai untuk pinjaman atau ptongan gajian stiap tgl 15.apa benar eror saat ini soalnya dikunci sama hrd saldo saya dimekari,negatif,negatif,True
919f793f-8a6b-42a2-8cf5-785fc1abef2c,Paywatch,Customer Service,tim support sangat membantu masalah langsung terselesaikan,positif,positif,True
5fc1479c-aa1f-4f42-9f7d-b30810b7a136,VENTENY,Keandalan Sistem,"sangat membantu utk keperluan karyawan spt saya yg mager keluar hihi, apalagi banyak promo. tengkyu venteny!",negatif,negatif,True
fe252985-f24c-48c6-8f71-a60e8c3c02dc,Wagely,Kemudahan Penggunaan,aplikasi baguss terbaik sangat membatu disaat darurat,positif,positif,True
8d1e0a39-aa5c-4171-a360-6d609dca1984,VENTENY,Kemudahan Penggunaan,Aplikasi ini sangat membantu kaum mageran seperti saya dalam membeli kebutuhan sehari hari,positif,positif,True
fe25fdc0-c9cb-4563-8e7b-1fd658d98fa7,GajiGesa,Kemudahan Penggunaan,"Baru dong join ,,, semoga bisa di gunakan ya ,,,",positif,positif,True
58cbb696-1cc7-4ddb-a070-ee6554af8b52,VENTENY,Kemudahan Penggunaan,Apk venteny ini membantu sekali deh bisa beli kouta disini dengan harga miring ketimbang beli di konter rumah. Aplikasinya juga simpel gk bingung makenya,positif,positif,True
f8eaf7e4-c573-4921-b52f-cf7850cd7091,GajiGesa,Kecepatan Pencairan,"Menurut saya ini gak fleksibel, di setiap menarik gaji timbun notif silahkan hubungi HR, dan HR saya tidak ada masalah, 97% karyawan mengeluh, sepeti tidak di anggap keberadaan di perusahaan, bahkan HR yg jadi korban dari pertanyaan para karyawan, berarti dari pihak gaji gesa yg memanfaatkan, masa mentenance sampe berbulan2 molor mulu, apk ini kan untuk mempermudah karyawan yg membutuhkan dana disaan sebelom gajian, report aja kali ya,. Tkutnya banyak korban lagi, gaji gak sempurna keterimanya.",negatif,negatif,True
7a94689b-11fc-4854-89ad-a6c6bf8f529c,VENTENY,Customer Service,SALDO GW YG GAGAL DITRANSAKSI KAPAN BALIK ANJG...! UDAH 2 MINGGU WOE. ALASAN TERUS YG ADA.,negatif,negatif,True
739afc49-bbf3-43ee-9303-3fe98185f702,Wagely,Keandalan Sistem,semoga di acc lagi butuh banget buat biaya lahiran,negatif,negatif,True
787bb24f-4b99-44fb-b694-0e3b39837add,Wagely,Keandalan Sistem,Saya tidak lagi bekerja di perusahaan jadi saya uninstall aplikasi wagely hari ini juga,negatif,netral,False
69802c62-2233-4ef3-90c3-078c802de596,Wagely,Kemudahan Penggunaan,"terimakasih telah membantu, jdi tidak nunggu gajian,",positif,positif,True
c3e59cd9-0444-4c3a-8066-2c7885401b3f,VENTENY,Kemudahan Penggunaan,Aplikasi nya sangat membantu sekali,positif,positif,True
a1c0dfa7-7865-4bcf-b856-968cbca6dd1b,VENTENY,Kemudahan Penggunaan,"Dapat rekomendasi dari saudara,ternyata aplikasinya bagus banget,memudahkan dalam bertransaksi digital saya,,sekarang akan saya rekomendasikan lagi untuk anda..mantul deh",positif,positif,True
d404263c-67d2-49f0-ab36-0886fa7c3b2d,Mekari Flex,Kemudahan Penggunaan,"Appk nya sangat membantu dan untuk teman teman yang gak bisa masuk gara gara gmail salah sandi salah, coba kalian masuk mengunakan no hp.",positif,negatif,False
8d39b596-489b-46cc-8346-07bff5dafa51,Wagely,Kecepatan Pencairan,setiap mau tarik dana layar blank putih terus.........,negatif,negatif,True
7a097554-08dc-4608-81dd-4a08c6ef4174,Mekari Flex,Biaya/Potongan,"Iseng-iseng nyoba narik/pinjam 100rb. Potongan/biaya admin 40rb 😂. Terima hanya 60rb. Saldo pinjaman sudah ke potong. Tapi tidak masuk ke rekening udh 6 hari Kaga masuk masuk. Bagaimana dengan teman saya. Pinjam 500rb. Saldo sudah terpotong tapi Belum masuk ke rekening pribadi, udh 1 minggu lebih🤣. Harus nunggu persetujuan Admin/HRD kantor dulu. APLIKASI BOBROK..",negatif,negatif,True
e0a0efc8-02a9-4ad2-b277-834ddce579bc,Mekari Flex,Kecepatan Pencairan,"mantap, cepat cair ya",positif,positif,True
c952af3d-8619-402d-9298-1c94566b7bca,Mekari Flex,Kemudahan Penggunaan,mempermudah urusan mu.mantap,positif,positif,True
25a349c2-a8fb-49e8-bab3-22249d33b37a,VENTENY,Keandalan Sistem,"Aplikasi yg simpel. Dengan satu aplikasi, banyak yg bisa dilakukan. Apalagi suka ada promo buat penggunanya, yg menjadikan app ini favorit saya. Jadi membeli buat kebutuhan keseharian gampng dan murah.",negatif,negatif,True
a32a162d-5f61-4025-97c6-92f6e4a2b4f5,Mekari Flex,Kecepatan Pencairan,saya sudah mengajukan penarikan dana sejak kemarin dan sampai sekarang statusnya masih dalam proses belum ada konfirmasi lebih lanjut apakah berhasil atau tidak biasanya memang butuh waktu beberapa jam tapi kali ini agak lebih lama dari biasanya,netral,netral,True
54745dee-22b8-4e62-b224-7e05d877644d,Wagely,Biaya/Potongan,sangat membantu banget ... coba kalau 1 bulan 1x potongan nya ... engga tiap ngambil di potong jadi mo berapa kali ngambil juga tetep segituh potongan nya pasti jossss cuma saran yang pasti sangat membantu banget,positif,negatif,False
b14265ef-3435-4bde-959d-3f3c7fdd93a3,Wagely,Kecepatan Pencairan,"Wagely sangat membantu sekali, namun plafon penarikan saya sudah hampir 1th ini tidak naik dan gaji bulanan dlm daftar penghasilan yg dpt diakses jauh tidak sama dg asli....mohon penjelasannya",positif,negatif,False
1ccbe1cd-c311-485d-971c-8726b4636cda,Wagely,Kemudahan Penggunaan,"kenapa sayah tidak bisa masuk aplikasi nya, setelah melakukan pinjaman.",negatif,negatif,True
604f957b-e224-4b32-82ac-1e4d477e7cbf,VENTENY,Kemudahan Penggunaan,Banyak fitur nya semoga pada murah layanannya... dan lebih bagus dari yang lainnya,positif,positif,True
de430783-63fb-44ee-b954-9d12c9d80a67,Mekari Flex,Kemudahan Penggunaan,terlalu banyak persyaratan di aplikasinya,negatif,positif,False
db6fc8bd-96f4-43cd-9632-bd91275260c9,Mekari Flex,Kemudahan Penggunaan,saya kasih bintang 1 dulu...approvalnya susah lambat penangannya,negatif,negatif,True
b7739e5e-c37c-4278-a27a-fd87a497a76d,Wagely,Customer Service,"Asli tidak ada solusi yang di dapat , karena ada aplikasi ini tapi tidak bisa di gunakan 👎👎hanya notifikasi saja hubungi bagian terkait untuk kendala aplikasi yang tidak bisa digunakan karena di non aktifkan sementara tanpa tidak tahu alasannya kenapa di non aktifkan",negatif,negatif,True
7bc3f920-b180-41c4-8ac3-5c8bf9f34051,Paywatch,Kemudahan Penggunaan,tampilannya menarik dan navigasinya sangat intuitif,positif,positif,True
550438bd-72a8-46dc-932d-2846c4a73f53,Mekari Flex,Biaya/Potongan,Tarik saldo 100 ribu biaya admin 20 ribu mahal bener aplikasi ini,negatif,negatif,True
587ea6b5-a9db-43f4-ba2e-ae28f320679d,GajiGesa,Kecepatan Pencairan,"Bulan lalu ngambil pinjaman lancar 1 jam langsung cair, bulan ini kenapa gagal mulu udah dicoba berkali-kali masih gagal. sampe kucoba TF ke rekening lain juga gagal, kenapa ini?? lagi butuh²nya malah erorr gajelas gini.",positif,negatif,False
a4f71a40-6d4b-4906-acd0-7a02400e2603,Wagely,Keandalan Sistem,"Mls bgt apk dari semenjak instal gak bis dipke perbarui terus, gak bisa diakses mls bgt tidk membntu",negatif,negatif,True
c61ae439-aedf-4f08-b07f-e37afa2500db,VENTENY,Customer Service,saya pernah komplain soal kendala sistem dan cs mencatat laporan saya dengan baik tapi penyelesaiannya butuh waktu tiga hari kerja tidak terlalu cepat tapi setidaknya masalah akhirnya terselesaikan,netral,netral,True
c0c57a32-4fc0-48dd-b97b-3dc45cbea3b4,GajiGesa,Keandalan Sistem,Mantab penolong di saat lagi alami kanker alias kantong kering😂,negatif,negatif,True
494a8c52-3928-4a60-a5c0-49efcf87676d,Paywatch,Kemudahan Penggunaan,mudah dan cepat,positif,positif,True
74e75d71-9971-49e3-9f30-8a1c8c3ed874,Mekari Flex,Kemudahan Penggunaan,Sangat mmbantu bagi yg butuh dana segar,positif,positif,True
211dbbc2-9d8c-4c05-9e31-c26ecf2f9705,VENTENY,Keandalan Sistem,Kaum muda jaman sekarang kayaknya cocok download aplikasi ini. Apalagi aplikasi ini gampanggg banget digunain buat bayar kebutuhan sehari hari. Dijamin gabakal rugi,negatif,negatif,True
ca6d4478-0a9f-4dc9-85fa-f471e485a60e,GajiGesa,Kemudahan Penggunaan,"Terimakasih sebelumnya untuk gajigesa, saya ada sedikit keluhan kenapa data nomor saya belum aktif juga padahal sudah terdaftar. Saya sudah coba ikutin petunjuk yang di arahkan untuk clear chace atau instal ulang versi terbaru tapi tetap terjadi hal yang sama nomor belum aktif. Mohon penjelasannya dan berikan solusi agar bisa di gunakan. Terimakasih gajigesa",positif,positif,True
3c298acd-1f5d-4528-bd5d-ac88d6decb23,VENTENY,Kemudahan Penggunaan,"Aplikasinya emang baru saya kenal, tapi pas saya coba mantap banget bisa bantu saya yang mageran.. Jadi bisa gampang buat bayar listrik, bayar pulsa tinggal lewat sini aja... Fitur academynya juga bagus, beda dari yang lain, bisa sambil belajar juga seputar karir disini",positif,positif,True
f0bc79b5-bad7-46f8-ada0-7d6b5d4abb36,Mekari Flex,Kecepatan Pencairan,sering gagal tarik saldo...👎,negatif,negatif,True
05be6ecd-b522-4701-b443-d34071ca2981,Paywatch,Kemudahan Penggunaan,"Saya kasi bintang 2, ada kendala di kode OTP, kode OTP tidak bisa dipakai / kedaluwarsa, padahal kode baru dikirim beberapa detik lalu tapi tidak bisa digunakan.",negatif,negatif,True
f84698ad-456e-4ccf-8c76-5ca3a30aecf5,Mekari Flex,Kemudahan Penggunaan,"Aplikasi ga jelas mau masuk malah ga bisa, di haruskan username perusahaan",negatif,negatif,True
196f3bfb-8beb-412f-815d-974e7b25a843,VENTENY,Kemudahan Penggunaan,"Aplikasi yang berguna banget, sangat membantu ..",positif,positif,True
89517cf1-645c-40c2-8115-39dcb06888bb,VENTENY,Keandalan Sistem,"error teruss, mau tarik tunai susahnya minta ampun... klo lagi urgent malah lama jadinya....",negatif,negatif,True
418efbe9-0643-4b5a-97d8-2d3521658f0a,VENTENY,Kemudahan Penggunaan,Aplikasi ter the best banget,positif,positif,True
566e3bef-c854-414a-835c-efc8d6e808f5,Wagely,Kemudahan Penggunaan,Weagley bagi saya sangat membantu dalam mengatasi per ekonomian dan sangat mudah di gunakan Sedikit saran dri saya Andai saja weagley bisa untuk belanja online Pasti nya weagley sangat sempurna,positif,positif,True
da259a5f-f9f5-449a-a057-7c6c03f1b5b2,Wagely,Customer Service,saya menghubungi tim support untuk melaporkan kendala dan mereka merespons di hari berikutnya masalahnya terselesaikan tapi butuh waktu dua hari yang menurut saya masih bisa diterima untuk masalah teknis,netral,netral,True
84e5213b-0573-42ba-9fc3-9b9206bf034c,VENTENY,Keandalan Sistem,"Lumayan lah aplikasinya saya jadi gak perlu keluar rumah buat beli pulsa dan bayar tagihan listrik, tinggal buka venteny beres deh. Kedepannya semoga lebih baik lg",negatif,negatif,True
25a79bbc-5d26-4d52-8701-85dd63cb577b,VENTENY,Kemudahan Penggunaan,"Sangat pantas kasik Bintang 5 karena saya buat asuransi tanpa ribet, yuk buat kalian download aplikasi ini biar gak nyesel",negatif,positif,False
b1274ef2-b36d-44dc-8a2a-4b2966f57db9,GajiGesa,Customer Service,"Pelayanan sangat lambat, slow respon",negatif,negatif,True
f81daefd-9004-4aef-b77b-abd2cf7cda21,VENTENY,Biaya/Potongan,"appnya ngebantu bangeet buat kehidupan sehari-sehari! selain bisa buat ngisi pulsa & token listrrik dengan mudah, ada banyak jg diskon-diskon dari berbagai merchant 🥺 keren deeh!",positif,positif,True
cdf72b13-efc0-4abf-af54-7d1450ad7c0a,Paywatch,Kemudahan Penggunaan,sangat membantu dalam kebutuhan mendesak,positif,positif,True
